"id","block","dir","versus","NEW","other","diff","SE_paired","z","verdict"
"A_anchor","A","D1","a_classical",0.8852,0.27,0.6152,0.0024,255.5,"NEW better"
"A_anchor","A","D1","d_V7",0.8852,0.8629,0.0223,0.0017,13.1,"NEW better"
"A_anchor","A","D1","f_MRCD",0.8852,0.8596,0.0256,0.0021,12.3,"NEW better"
"A_anchor","A","D1","g_RMCD_pooled",0.8852,0.8871,-0.0019,0.0017,-1.1,"no difference"
"H_t5_c0_D1","H","D1","a_classical",0.8161,0.7393,0.0768,0.0023,33.3,"NEW better"
"H_t5_c0_D1","H","D1","d_V7",0.8161,0.8238,-0.0076,0.0012,-6.3,"NEW worse"
"H_t5_c0_D1","H","D1","f_MRCD",0.8161,0.7273,0.0888,0.0023,39.1,"NEW better"
"H_t5_c0_D1","H","D1","g_RMCD_pooled",0.8161,0.7423,0.0738,0.0019,39.1,"NEW better"
"H_t5_c0_D2","H","D2","a_classical",0.6759,0.7409,-0.065,0.0028,-23.3,"NEW worse"
"H_t5_c0_D2","H","D2","d_V7",0.6759,0.6868,-0.0109,0.0016,-7,"NEW worse"
"H_t5_c0_D2","H","D2","f_MRCD",0.6759,0.7309,-0.055,0.0026,-21,"NEW worse"
"H_t5_c0_D2","H","D2","g_RMCD_pooled",0.6759,0.7433,-0.0674,0.0023,-29.9,"NEW worse"
"H_t5_c6_D1","H","D1","a_classical",0.7898,0.1015,0.6883,0.0025,279.4,"NEW better"
"H_t5_c6_D1","H","D1","d_V7",0.7898,0.7319,0.0579,0.0021,27.3,"NEW better"
"H_t5_c6_D1","H","D1","f_MRCD",0.7898,0.7254,0.0644,0.0023,28.6,"NEW better"
"H_t5_c6_D1","H","D1","g_RMCD_pooled",0.7898,0.738,0.0518,0.0019,26.7,"NEW better"
"H_t5_c6_D2","H","D2","a_classical",0.6834,0.7787,-0.0953,0.0029,-33.2,"NEW worse"
"H_t5_c6_D2","H","D2","d_V7",0.6834,0.6879,-0.0045,0.0016,-2.7,"no difference"
"H_t5_c6_D2","H","D2","f_MRCD",0.6834,0.7273,-0.0439,0.0025,-17.6,"NEW worse"
"H_t5_c6_D2","H","D2","g_RMCD_pooled",0.6834,0.7422,-0.0588,0.0022,-26.4,"NEW worse"
"H_t3_c0_D1","H","D1","a_classical",0.0465,0.0245,0.022,0.0013,17.4,"NEW better"
"H_t3_c0_D1","H","D1","d_V7",0.0465,0.0457,8e-04,4e-04,1.8,"no difference"
"H_t3_c0_D1","H","D1","f_MRCD",0.0465,0.0223,0.0242,0.001,23.2,"NEW better"
"H_t3_c0_D1","H","D1","g_RMCD_pooled",0.0465,0.021,0.0255,0.001,24.6,"NEW better"
"H_t3_c0_D2","H","D2","a_classical",0.0159,0.0227,-0.0069,8e-04,-8.9,"NEW worse"
"H_t3_c0_D2","H","D2","d_V7",0.0159,0.0156,3e-04,2e-04,1.5,"no difference"
"H_t3_c0_D2","H","D2","f_MRCD",0.0159,0.0216,-0.0057,6e-04,-10.2,"NEW worse"
"H_t3_c0_D2","H","D2","g_RMCD_pooled",0.0159,0.0205,-0.0046,4e-04,-10.9,"NEW worse"
"H_t3_c6_D1","H","D1","a_classical",0.0412,0.0021,0.039,0.0015,26,"NEW better"
"H_t3_c6_D1","H","D1","d_V7",0.0412,0.0334,0.0077,6e-04,13,"NEW better"
"H_t3_c6_D1","H","D1","f_MRCD",0.0412,0.0211,0.0201,0.001,20.1,"NEW better"
"H_t3_c6_D1","H","D1","g_RMCD_pooled",0.0412,0.0208,0.0204,9e-04,21.5,"NEW better"
"H_t3_c6_D2","H","D2","a_classical",0.0163,0.0404,-0.0241,0.0013,-19.2,"NEW worse"
"H_t3_c6_D2","H","D2","d_V7",0.0163,0.0165,-2e-04,2e-04,-1,"no difference"
"H_t3_c6_D2","H","D2","f_MRCD",0.0163,0.0214,-0.0051,5e-04,-10.7,"NEW worse"
"H_t3_c6_D2","H","D2","g_RMCD_pooled",0.0163,0.0206,-0.0043,4e-04,-10.3,"NEW worse"
"H_SN_c0_D1","H","D1","a_classical",0.9519,0.8945,0.0574,0.0011,53.7,"NEW better"
"H_SN_c0_D1","H","D1","d_V7",0.9519,0.9555,-0.0036,4e-04,-9.3,"NEW worse"
"H_SN_c0_D1","H","D1","f_MRCD",0.9519,0.9328,0.0191,8e-04,22.5,"NEW better"
"H_SN_c0_D1","H","D1","g_RMCD_pooled",0.9519,0.9362,0.0157,6e-04,25.1,"NEW better"
"H_SN_c0_D2","H","D2","a_classical",0.7962,0.8915,-0.0953,0.0023,-41.5,"NEW worse"
"H_SN_c0_D2","H","D2","d_V7",0.7962,0.807,-0.0108,0.0013,-8.2,"NEW worse"
"H_SN_c0_D2","H","D2","f_MRCD",0.7962,0.7772,0.019,0.0026,7.2,"NEW better"
"H_SN_c0_D2","H","D2","g_RMCD_pooled",0.7962,0.8659,-0.0697,0.002,-35.3,"NEW worse"
"H_SN_c6_D1","H","D1","a_classical",0.9414,0.2754,0.666,0.0022,298.4,"NEW better"
"H_SN_c6_D1","H","D1","d_V7",0.9414,0.9335,0.008,8e-04,10.1,"NEW better"
"H_SN_c6_D1","H","D1","f_MRCD",0.9414,0.9315,0.01,0.001,9.6,"NEW better"
"H_SN_c6_D1","H","D1","g_RMCD_pooled",0.9414,0.9328,0.0087,9e-04,10.1,"NEW better"
"H_SN_c6_D2","H","D2","a_classical",0.8181,0.9147,-0.0967,0.0023,-41.2,"NEW worse"
"H_SN_c6_D2","H","D2","d_V7",0.8181,0.8494,-0.0313,0.0014,-23,"NEW worse"
"H_SN_c6_D2","H","D2","f_MRCD",0.8181,0.7935,0.0246,0.0025,9.7,"NEW better"
"H_SN_c6_D2","H","D2","g_RMCD_pooled",0.8181,0.8723,-0.0542,0.0019,-28.7,"NEW worse"
"H_ST5_c0_D1","H","D1","a_classical",0.7721,0.617,0.155,0.0029,52.9,"NEW better"
"H_ST5_c0_D1","H","D1","d_V7",0.7721,0.7752,-0.0031,6e-04,-5.5,"NEW worse"
"H_ST5_c0_D1","H","D1","f_MRCD",0.7721,0.7072,0.0649,0.0017,37.7,"NEW better"
"H_ST5_c0_D1","H","D1","g_RMCD_pooled",0.7721,0.713,0.0591,0.0014,41.1,"NEW better"
"H_ST5_c0_D2","H","D2","a_classical",0.3242,0.6182,-0.294,0.0036,-81.6,"NEW worse"
"H_ST5_c0_D2","H","D2","d_V7",0.3242,0.3336,-0.0095,0.0011,-8.8,"NEW worse"
"H_ST5_c0_D2","H","D2","f_MRCD",0.3242,0.3603,-0.0361,0.0027,-13.2,"NEW worse"
"H_ST5_c0_D2","H","D2","g_RMCD_pooled",0.3242,0.4074,-0.0832,0.0023,-35.4,"NEW worse"
"H_ST5_c6_D1","H","D1","a_classical",0.765,0.1097,0.6553,0.0027,247.2,"NEW better"
"H_ST5_c6_D1","H","D1","d_V7",0.765,0.7541,0.011,8e-04,14.2,"NEW better"
"H_ST5_c6_D1","H","D1","f_MRCD",0.765,0.7079,0.0572,0.0017,34.2,"NEW better"
"H_ST5_c6_D1","H","D1","g_RMCD_pooled",0.765,0.713,0.0521,0.0014,35.9,"NEW better"
"H_ST5_c6_D2","H","D2","a_classical",0.3555,0.7724,-0.4169,0.0038,-108.4,"NEW worse"
"H_ST5_c6_D2","H","D2","d_V7",0.3555,0.4021,-0.0466,0.0014,-32.3,"NEW worse"
"H_ST5_c6_D2","H","D2","f_MRCD",0.3555,0.3758,-0.0203,0.0028,-7.3,"NEW worse"
"H_ST5_c6_D2","H","D2","g_RMCD_pooled",0.3555,0.4201,-0.0646,0.0024,-26.6,"NEW worse"
"C_os1.5_D1","C","D1","a_classical",0.8453,0.7798,0.0655,0.0021,31.2,"NEW better"
"C_os1.5_D1","C","D1","d_V7",0.8453,0.8519,-0.0066,0.0017,-4,"NEW worse"
"C_os1.5_D1","C","D1","f_MRCD",0.8453,0.8007,0.0446,0.0025,17.7,"NEW better"
"C_os1.5_D1","C","D1","g_RMCD_pooled",0.8453,0.8064,0.0389,0.002,19.6,"NEW better"
"C_os1.5_D2","C","D2","a_classical",0.8452,0.8995,-0.0543,0.0018,-30.7,"NEW worse"
"C_os1.5_D2","C","D2","d_V7",0.8452,0.8592,-0.014,0.0014,-10.1,"NEW worse"
"C_os1.5_D2","C","D2","f_MRCD",0.8452,0.8633,-0.0181,0.0021,-8.6,"NEW worse"
"C_os1.5_D2","C","D2","g_RMCD_pooled",0.8452,0.8975,-0.0523,0.0017,-30.1,"NEW worse"
"C_os2.5_D1","C","D1","a_classical",0.829,0.6097,0.2193,0.0027,79.9,"NEW better"
"C_os2.5_D1","C","D1","d_V7",0.829,0.8165,0.0125,0.002,6.2,"NEW better"
"C_os2.5_D1","C","D1","f_MRCD",0.829,0.8336,-0.0047,0.0026,-1.8,"no difference"
"C_os2.5_D1","C","D1","g_RMCD_pooled",0.829,0.8132,0.0158,0.0023,6.7,"NEW better"
"C_os2.5_D2","C","D2","a_classical",0.8467,0.9038,-0.0571,0.0018,-32.4,"NEW worse"
"C_os2.5_D2","C","D2","d_V7",0.8467,0.8579,-0.0112,0.0013,-8.3,"NEW worse"
"C_os2.5_D2","C","D2","f_MRCD",0.8467,0.8643,-0.0176,0.0021,-8.5,"NEW worse"
"C_os2.5_D2","C","D2","g_RMCD_pooled",0.8467,0.8987,-0.052,0.0017,-30.7,"NEW worse"
"W_sh1.5_D1","W","D1","a_classical",0.8975,0.1493,0.7482,0.0029,259.3,"NEW better"
"W_sh1.5_D1","W","D1","d_V7",0.8975,0.1693,0.7282,0.0031,234.4,"NEW better"
"W_sh1.5_D1","W","D1","f_MRCD",0.8975,0.2522,0.6453,0.004,161.2,"NEW better"
"W_sh1.5_D1","W","D1","g_RMCD_pooled",0.8975,0.1248,0.7727,0.0028,273.3,"NEW better"
"W_sh1.5_D2","W","D2","a_classical",0.8389,0.7401,0.0987,0.0024,41.7,"NEW better"
"W_sh1.5_D2","W","D2","d_V7",0.8389,0.6134,0.2254,0.0028,80.2,"NEW better"
"W_sh1.5_D2","W","D2","f_MRCD",0.8389,0.8516,-0.0127,0.0023,-5.5,"NEW worse"
"W_sh1.5_D2","W","D2","g_RMCD_pooled",0.8389,0.869,-0.0301,0.0019,-15.6,"NEW worse"
"W_sh3.0_D1","W","D1","a_classical",0.9132,1e-04,0.9131,0.0015,598.9,"NEW better"
"W_sh3.0_D1","W","D1","d_V7",0.9132,1e-04,0.9131,0.0015,599.2,"NEW better"
"W_sh3.0_D1","W","D1","f_MRCD",0.9132,0.6881,0.2251,0.0039,58.2,"NEW better"
"W_sh3.0_D1","W","D1","g_RMCD_pooled",0.9132,0.1594,0.7537,0.0031,241.3,"NEW better"
"W_sh3.0_D2","W","D2","a_classical",0.8443,0.4496,0.3947,0.0027,146.1,"NEW better"
"W_sh3.0_D2","W","D2","d_V7",0.8443,0.3058,0.5385,0.0028,191.9,"NEW better"
"W_sh3.0_D2","W","D2","f_MRCD",0.8443,0.8796,-0.0353,0.0018,-20.1,"NEW worse"
"W_sh3.0_D2","W","D2","g_RMCD_pooled",0.8443,0.8936,-0.0492,0.0017,-29.6,"NEW worse"
"V_k2.25_D1","V","D1","a_classical",0.91,0.8927,0.0173,0.0014,12.8,"NEW better"
"V_k2.25_D1","V","D1","d_V7",0.91,0.92,-0.01,0.0011,-8.8,"NEW worse"
"V_k2.25_D1","V","D1","f_MRCD",0.91,0.861,0.049,0.0018,27,"NEW better"
"V_k2.25_D1","V","D1","g_RMCD_pooled",0.91,0.8904,0.0197,0.0013,14.8,"NEW better"
"V_k2.25_D2","V","D2","a_classical",0.8384,0.8932,-0.0549,0.0019,-28.7,"NEW worse"
"V_k2.25_D2","V","D2","d_V7",0.8384,0.8517,-0.0134,0.0015,-9.2,"NEW worse"
"V_k2.25_D2","V","D2","f_MRCD",0.8384,0.8598,-0.0215,0.0021,-10,"NEW worse"
"V_k2.25_D2","V","D2","g_RMCD_pooled",0.8384,0.89,-0.0517,0.0018,-28.1,"NEW worse"
"V_k4.00_D1","V","D1","a_classical",0.908,0.8853,0.0227,0.0015,14.9,"NEW better"
"V_k4.00_D1","V","D1","d_V7",0.908,0.9144,-0.0064,0.0013,-5,"NEW worse"
"V_k4.00_D1","V","D1","f_MRCD",0.908,0.8672,0.0408,0.0017,24.1,"NEW better"
"V_k4.00_D1","V","D1","g_RMCD_pooled",0.908,0.8883,0.0197,0.0014,13.8,"NEW better"
"V_k4.00_D2","V","D2","a_classical",0.835,0.8861,-0.0512,0.002,-25,"NEW worse"
"V_k4.00_D2","V","D2","d_V7",0.835,0.8436,-0.0086,0.0017,-5.1,"NEW worse"
"V_k4.00_D2","V","D2","f_MRCD",0.835,0.8653,-0.0303,0.0021,-14.6,"NEW worse"
"V_k4.00_D2","V","D2","g_RMCD_pooled",0.835,0.888,-0.053,0.0019,-27.6,"NEW worse"
