"chart","center","limit","UCL","phase1","phase2","drift_SD","det","fa","T2_med_sano","T2_min_fallo"
"V7","mean","Eq8_mstar13_published",19.69,"IDV 7","IDV 7",0.0614,20,0,2.6,43.3
"V7","sm","Eq8_mstar13_published",19.69,"IDV 7","IDV 7",0.062,20,0,3.4,45.7
"V7","sm_std","Eq8_mstar13_published",19.69,"IDV 7","IDV 7",0.0495,20,0,3.1,44.9
"V7","mcd","Eq8_mstar13_published",19.69,"IDV 7","IDV 7",0.0859,20,0,3.2,45.9
"NEW","own","Eq8_mstar14",19.64,"IDV 7","IDV 7",0.0859,20,0,3.1,41.9
"NEW","own","simulated",19.32,"IDV 7","IDV 7",0.0859,20,0,3.1,41.9
"MRCD","own","simulated",21.36,"IDV 7","IDV 7",0.0669,20,0,2.1,23
"RMCD_pooled","own","simulated",19.68,"IDV 7","IDV 7",0.0224,20,0,3.1,46.9
"classical","own","F",19.46,"IDV 7","IDV 7",0.2037,2,0,1.9,6.5
"classical","own","simulated",19.23,"IDV 7","IDV 7",0.2037,2,0,1.9,6.5
"V7","mean","Eq8_mstar13_published",19.69,"IDV 7","IDV 1",0.0614,20,0,2.6,976.5
"V7","sm","Eq8_mstar13_published",19.69,"IDV 7","IDV 1",0.062,20,0,3.4,986.9
"V7","sm_std","Eq8_mstar13_published",19.69,"IDV 7","IDV 1",0.0495,20,0,3.1,983.3
"V7","mcd","Eq8_mstar13_published",19.69,"IDV 7","IDV 1",0.0859,20,0,3.2,987.7
"NEW","own","Eq8_mstar14",19.64,"IDV 7","IDV 1",0.0859,20,0,3.1,843.2
"NEW","own","simulated",19.32,"IDV 7","IDV 1",0.0859,20,0,3.1,843.2
"MRCD","own","simulated",21.36,"IDV 7","IDV 1",0.0669,20,0,2.1,698.9
"RMCD_pooled","own","simulated",19.68,"IDV 7","IDV 1",0.0224,20,0,3.1,865.1
"classical","own","F",19.46,"IDV 7","IDV 1",0.2037,20,0,1.9,88.5
"classical","own","simulated",19.23,"IDV 7","IDV 1",0.2037,20,0,1.9,88.5
"V7","mean","Eq8_mstar13_published",19.69,"IDV 1","IDV 7",0.8167,14,6,20.8,8.4
"V7","sm","Eq8_mstar13_published",19.69,"IDV 1","IDV 7",0.061,20,0,3.1,35.8
"V7","sm_std","Eq8_mstar13_published",19.69,"IDV 1","IDV 7",0.1186,20,0,3,32.7
"V7","mcd","Eq8_mstar13_published",19.69,"IDV 1","IDV 7",0.0265,20,0,3.3,39.1
"NEW","own","Eq8_mstar14",19.64,"IDV 1","IDV 7",0.0265,20,0,3,32.4
"NEW","own","simulated",19.34,"IDV 1","IDV 7",0.0265,20,0,3,32.4
"MRCD","own","simulated",21.42,"IDV 1","IDV 7",0.062,18,0,1.8,19.3
"RMCD_pooled","own","simulated",19.68,"IDV 1","IDV 7",0.0332,20,0,3,42.8
"classical","own","F",19.46,"IDV 1","IDV 7",1.1674,2,0,6.9,2.4
"classical","own","simulated",19.23,"IDV 1","IDV 7",1.1674,2,0,6.9,2.4
"V7","mean","Eq8_mstar13_published",19.69,"IDV 1","IDV 1",0.8167,20,6,20.8,590.8
"V7","sm","Eq8_mstar13_published",19.69,"IDV 1","IDV 1",0.061,20,0,3.1,807.4
"V7","sm_std","Eq8_mstar13_published",19.69,"IDV 1","IDV 1",0.1186,20,0,3,789.8
"V7","mcd","Eq8_mstar13_published",19.69,"IDV 1","IDV 1",0.0265,20,0,3.3,829.4
"NEW","own","Eq8_mstar14",19.64,"IDV 1","IDV 1",0.0265,20,0,3,641.5
"NEW","own","simulated",19.34,"IDV 1","IDV 1",0.0265,20,0,3,641.5
"MRCD","own","simulated",21.42,"IDV 1","IDV 1",0.062,20,0,1.8,553.6
"RMCD_pooled","own","simulated",19.68,"IDV 1","IDV 1",0.0332,20,0,3,823.9
"classical","own","F",19.46,"IDV 1","IDV 1",1.1674,20,0,6.9,54
"classical","own","simulated",19.23,"IDV 1","IDV 1",1.1674,20,0,6.9,54
