"id","a_classical","b_MCD_unif","c_AFM_cls","d_V7","e_NEW","f_MRCD","g_RMCD_pooled"
"A_anchor",0.27002,0.730385,0.53465,0.86287,0.885185,0.859555,0.887055
"H_t5_c0_D1",0.73933,0.73375,0.80935,0.82379,0.81614,0.727345,0.7423
"H_t5_c0_D2",0.74091,0.736235,0.71357,0.686835,0.67591,0.730935,0.743285
"H_t5_c6_D1",0.101525,0.48158,0.33843,0.73187,0.789815,0.72539,0.73801
"H_t5_c6_D2",0.77871,0.763585,0.692545,0.68789,0.68338,0.727315,0.742215
"H_t3_c0_D1",0.02454,0.02155,0.044845,0.045685,0.0465,0.02229,0.02099
"H_t3_c0_D2",0.02275,0.020565,0.016205,0.0156,0.0159,0.021575,0.020545
"H_t3_c6_D1",0.002125,0.010195,0.00642,0.033425,0.04116,0.02107,0.02077
"H_t3_c6_D2",0.040365,0.029605,0.02118,0.01652,0.016285,0.021415,0.020565
"H_SN_c0_D1",0.894475,0.931895,0.91944,0.95546,0.951865,0.93281,0.93616
"H_SN_c0_D2",0.891465,0.86652,0.878665,0.80702,0.79619,0.77717,0.86592
"H_SN_c6_D1",0.275385,0.83888,0.561655,0.933455,0.94143,0.931475,0.932765
"H_SN_c6_D2",0.91474,0.90522,0.87988,0.849355,0.81807,0.793485,0.872255
"H_ST5_c0_D1",0.61705,0.70645,0.71349,0.7752,0.77207,0.70717,0.713005
"H_ST5_c0_D2",0.618175,0.443355,0.553525,0.33363,0.324155,0.360295,0.407365
"H_ST5_c6_D1",0.109705,0.55775,0.401295,0.754055,0.76504,0.70789,0.71296
"H_ST5_c6_D2",0.772435,0.587445,0.722435,0.402065,0.35551,0.37579,0.42011
"C_os1.5_D1",0.779755,0.779775,0.82562,0.851865,0.84529,0.80068,0.80641
"C_os1.5_D2",0.899455,0.88898,0.88618,0.85924,0.8452,0.863305,0.89747
"C_os2.5_D1",0.609695,0.698725,0.722245,0.81653,0.82899,0.83364,0.813205
"C_os2.5_D2",0.903825,0.89345,0.880835,0.857925,0.84671,0.864285,0.89867
"W_sh1.5_D1",0.149315,0.149075,0.159495,0.169265,0.897495,0.25216,0.124805
"W_sh1.5_D2",0.740145,0.72725,0.687335,0.613435,0.838875,0.85157,0.86899
"W_sh3.0_D1",5.5e-05,0.00011,4.5e-05,9.5e-05,0.91316,0.68806,0.159435
"W_sh3.0_D2",0.4496,0.444425,0.3748,0.305775,0.844315,0.879585,0.89356
"V_k2.25_D1",0.892675,0.875365,0.915755,0.92002,0.910025,0.861015,0.890365
"V_k2.25_D2",0.893235,0.877495,0.88241,0.85173,0.838355,0.859835,0.89005
"V_k4.00_D1",0.88527,0.862615,0.91147,0.91438,0.907965,0.867205,0.88828
"V_k4.00_D2",0.886115,0.866075,0.877385,0.84358,0.83496,0.865255,0.887965
