"id","block","dir","delta","ob","K","I","J","h","rho","a_classical","b_MCD_unif","c_AFM_cls","d_V7","e_NEW","f_MRCD","g_RMCD_pooled","SE_a_classical","SE_b_MCD_unif","SE_c_AFM_cls","SE_d_V7","SE_e_NEW","SE_f_MRCD","SE_g_RMCD_pooled","a_classical_ncal50k","b_MCD_unif_ncal50k","c_AFM_cls_ncal50k","d_V7_ncal50k","e_NEW_ncal50k","f_MRCD_ncal50k","g_RMCD_pooled_ncal50k"
"P_d0.5_c0","P","D1",0.5,0,30,20,4,0.67,0.6,0.118,0.1118,0.1409,0.1546,0.1479,0.103,0.1168,0.0012,0.0013,0.0013,0.0015,0.0017,0.0014,0.0012,NA,NA,NA,NA,NA,NA,NA
"P_d0.5_c6","P","D1",0.5,6,30,20,4,0.67,0.6,0.0046,0.0535,0.0125,0.0997,0.1221,0.1011,0.1087,2e-04,0.0011,3e-04,0.0014,0.0016,0.0014,0.0012,NA,NA,NA,NA,NA,NA,NA
"P_d1.0_c0","P","D1",1,0,30,20,4,0.67,0.6,0.901,0.8877,0.9215,0.9269,0.9152,0.8617,0.8975,0.0012,0.0015,0.001,0.0011,0.0015,0.0021,0.0013,0.8977,0.8841,0.9188,0.9249,0.9133,0.8574,0.8945
"P_d1.0_c6","P","D1",1,6,30,20,4,0.67,0.6,0.27,0.7304,0.5346,0.8629,0.8852,0.8596,0.8871,0.0023,0.0035,0.0029,0.0021,0.0021,0.0021,0.0014,0.2581,0.7237,0.525,0.8593,0.8817,0.8561,0.8843
"P_d1.5_c0","P","D1",1.5,0,30,20,4,0.67,0.6,1,0.9999,1,1,0.9999,0.9997,1,0,0,0,0,0,0,0,NA,NA,NA,NA,NA,NA,NA
"P_d1.5_c6","P","D1",1.5,6,30,20,4,0.67,0.6,0.9611,0.9977,0.9943,0.9997,0.9998,0.9997,0.9999,8e-04,2e-04,2e-04,0,0,0,0,NA,NA,NA,NA,NA,NA,NA
"P_d2.0_c0","P","D1",2,0,30,20,4,0.67,0.6,1,1,1,1,1,1,1,0,0,0,0,0,0,0,NA,NA,NA,NA,NA,NA,NA
"P_d2.0_c6","P","D1",2,6,30,20,4,0.67,0.6,1,1,1,1,1,1,1,0,0,0,0,0,0,0,NA,NA,NA,NA,NA,NA,NA
"D_D2_c0","D","D2",1,0,30,20,4,0.67,0.6,0.9003,0.8867,0.8901,0.8599,0.8432,0.8598,0.8965,0.0012,0.0015,0.0013,0.0018,0.0022,0.0021,0.0012,NA,NA,NA,NA,NA,NA,NA
"D_D2_c6","D","D2",1,6,30,20,4,0.67,0.6,0.9121,0.8954,0.8641,0.8584,0.8501,0.8613,0.8963,0.0011,0.0014,0.0015,0.0018,0.0021,0.002,0.0013,NA,NA,NA,NA,NA,NA,NA
"D_D3_c0","D","D3",1,0,30,20,4,0.67,0.6,0.9,0.8857,0.8899,0.8575,0.8422,0.8596,0.8974,0.0012,0.0015,0.0013,0.0017,0.0022,0.0021,0.0012,NA,NA,NA,NA,NA,NA,NA
"D_D3_c6","D","D3",1,6,30,20,4,0.67,0.6,0.9104,0.8947,0.8616,0.8566,0.8476,0.8621,0.8954,0.0011,0.0015,0.0016,0.0018,0.0022,0.002,0.0013,NA,NA,NA,NA,NA,NA,NA
"D_D4_c0","D","D4",1,0,30,20,4,0.67,0.6,0.9012,0.8871,0.8928,0.8642,0.8483,0.8605,0.8981,0.0012,0.0015,0.0013,0.0017,0.0022,0.0021,0.0012,NA,NA,NA,NA,NA,NA,NA
"D_D4_c6","D","D4",1,6,30,20,4,0.67,0.6,0.8851,0.8859,0.8228,0.8493,0.8483,0.8628,0.8966,0.0012,0.0015,0.0018,0.0019,0.0022,0.002,0.0012,NA,NA,NA,NA,NA,NA,NA
"D_mD1_c0","D","mD1",1,0,30,20,4,0.67,0.6,0.8971,0.8849,0.9182,0.9254,0.9142,0.8599,0.8935,0.0012,0.0015,0.001,0.0011,0.0015,0.0021,0.0013,NA,NA,NA,NA,NA,NA,NA
"D_mD1_c6","D","mD1",1,6,30,20,4,0.67,0.6,0.8169,0.8567,0.9562,0.9415,0.9147,0.8632,0.8947,0.0017,0.0018,6e-04,9e-04,0.0016,0.002,0.0013,NA,NA,NA,NA,NA,NA,NA
"D_mD4_c0","D","mD4",1,0,30,20,4,0.67,0.6,0.8979,0.8853,0.889,0.8607,0.8424,0.8582,0.8941,0.0012,0.0015,0.0013,0.0018,0.0023,0.0022,0.0013,NA,NA,NA,NA,NA,NA,NA
"D_mD4_c6","D","mD4",1,6,30,20,4,0.67,0.6,0.9191,0.8981,0.8916,0.8713,0.8525,0.8611,0.8937,0.0011,0.0014,0.0013,0.0017,0.0022,0.0021,0.0013,NA,NA,NA,NA,NA,NA,NA
"S_base","S","D1",1,6,30,20,4,0.67,0.6,0.2657,0.7227,0.5318,0.8578,0.8805,0.8568,0.8861,0.0023,0.0037,0.0029,0.0023,0.0022,0.0021,0.0014,NA,NA,NA,NA,NA,NA,NA
"S_h0.75","S","D1",1,6,30,20,4,0.75,0.6,0.2657,0.6408,0.5318,0.8134,0.8657,0.8701,0.8866,0.0023,0.0039,0.0029,0.0026,0.0023,0.0018,0.0014,NA,NA,NA,NA,NA,NA,NA
"S_J2","S","D1",1,6,30,20,2,0.67,0.6,0.3982,0.8465,0.554,0.8899,0.8935,0.8609,0.9003,0.0029,0.0022,0.0032,0.0017,0.0019,0.0024,0.0013,NA,NA,NA,NA,NA,NA,NA
"S_J6","S","D1",1,6,30,20,6,0.67,0.6,0.1952,0.4522,0.484,0.7281,0.7984,0.8221,0.8494,0.0019,0.0044,0.0029,0.0033,0.0033,0.0023,0.0017,NA,NA,NA,NA,NA,NA,NA
"S_I15","S","D1",1,6,30,15,4,0.67,0.6,0.1303,0.4287,0.3514,0.6536,0.7006,0.6535,0.7006,0.0015,0.0042,0.0027,0.0034,0.0033,0.0032,0.0023,NA,NA,NA,NA,NA,NA,NA
"S_cont30","S","D1",1,9,30,20,4,0.67,0.6,0.0761,0.6285,0.2537,0.8115,0.8598,0.8564,0.8801,0.0011,0.0045,0.0024,0.0029,0.0025,0.0021,0.0015,NA,NA,NA,NA,NA,NA,NA
"S_cont40","S","D1",1,12,30,20,4,0.67,0.6,0.0178,0.5414,0.0792,0.7608,0.8341,0.8566,0.873,4e-04,0.0048,0.0012,0.0035,0.0031,0.002,0.0015,NA,NA,NA,NA,NA,NA,NA
"S_rho0.3","S","D1",1,6,30,20,4,0.67,0.3,0.4201,0.9637,0.7918,0.9867,0.9879,0.9821,0.9899,0.0028,0.0012,0.0023,5e-04,4e-04,5e-04,3e-04,NA,NA,NA,NA,NA,NA,NA
"S_rho0.9","S","D1",1,6,30,20,4,0.67,0.9,0.1863,0.4665,0.359,0.6568,0.6988,0.6877,0.6892,0.0019,0.0038,0.0027,0.0033,0.0035,0.0029,0.0024,NA,NA,NA,NA,NA,NA,NA
