"K","phase1","estimator","element","bias","se","z"
30,"clean","a_Sp_classical","s11",-0.000686285300303583,0.0013009078879035,-0.527543346216139
30,"clean","a_Sp_classical","s12",0.000267830779117324,0.00107674842820814,0.248740348349552
30,"clean","a_Sp_classical","s22",0.000310640365322528,0.00129335708347783,0.240181438901016
30,"clean","a_Sp_classical","s13",-0.000135288369022776,0.00107831600556771,-0.125462636485257
30,"clean","a_Sp_classical","s23",0.000544424679398572,0.00107222920341262,0.507750281064733
30,"clean","a_Sp_classical","s33",-0.000208134270157453,0.00125557827294696,-0.165767658330805
30,"clean","a_Sp_classical","s14",0.00119812891558873,0.00107851049104893,1.11091076585028
30,"clean","a_Sp_classical","s24",0.00132732817298934,0.00107739138290462,1.23198328300241
30,"clean","a_Sp_classical","s34",0.000798475991298858,0.00107000538277316,0.746235490170554
30,"clean","a_Sp_classical","s44",0.00211990632875869,0.0013209301715415,1.60485873850909
30,"clean","b_MCD_uniform","s11",0.129344220623567,0.00203501121536544,63.5594632830267
30,"clean","b_MCD_uniform","s12",0.0783756018371792,0.00171523208823095,45.6938757005263
30,"clean","b_MCD_uniform","s22",0.130544428147483,0.00205572074329187,63.5029969773226
30,"clean","b_MCD_uniform","s13",0.076909158650745,0.00172163692232795,44.6721127162809
30,"clean","b_MCD_uniform","s23",0.0772907608309904,0.00168623640627514,45.8362543611096
30,"clean","b_MCD_uniform","s33",0.128469826057973,0.00200644791738988,64.0284878289268
30,"clean","b_MCD_uniform","s14",0.0783033401208207,0.00169433311344754,46.2148437632157
30,"clean","b_MCD_uniform","s24",0.0793722858349521,0.00172660798439119,45.9700676427366
30,"clean","b_MCD_uniform","s34",0.0777422396447991,0.00170312122921113,45.646920672117
30,"clean","b_MCD_uniform","s44",0.132954350600469,0.00203034014638164,65.4837815414393
30,"clean","c_AFM_classical","s11",-0.0693653198394555,0.00127888148119791,-54.239052530874
30,"clean","c_AFM_classical","s12",-0.0675561032716513,0.00105644831357786,-63.946434864248
30,"clean","c_AFM_classical","s22",-0.0679306175116763,0.00124702886726252,-54.4739735342276
30,"clean","c_AFM_classical","s13",-0.0685385503184154,0.00106268983968274,-64.4953473337782
30,"clean","c_AFM_classical","s23",-0.0676070757211147,0.00105148867663716,-64.2965323576601
30,"clean","c_AFM_classical","s33",-0.0691508106416586,0.00124068938017523,-55.7357963617713
30,"clean","c_AFM_classical","s14",-0.0667765780369774,0.00106187719962294,-62.8854052621987
30,"clean","c_AFM_classical","s24",-0.0665209110472888,0.0010596360834053,-62.7771289493218
30,"clean","c_AFM_classical","s34",-0.0674922486451974,0.00105943404014049,-63.7059468433236
30,"clean","c_AFM_classical","s44",-0.0663937905744109,0.00130144797326986,-51.0153244217654
30,"clean","d_Sw_AFM_MCD","s11",-0.0105895154524965,0.00200400004423909,-5.28418923090257
30,"clean","d_Sw_AFM_MCD","s12",-0.0639122389288326,0.00167968925870388,-38.0500372897246
30,"clean","d_Sw_AFM_MCD","s22",-0.00955819485793355,0.00199743628254402,-4.78523141962748
30,"clean","d_Sw_AFM_MCD","s13",-0.0664321479836667,0.00168001866123842,-39.5425059949611
30,"clean","d_Sw_AFM_MCD","s23",-0.0655772428387348,0.00165816209062581,-39.5481498518551
30,"clean","d_Sw_AFM_MCD","s33",-0.0124615374146578,0.00195894150824411,-6.36136268602919
30,"clean","d_Sw_AFM_MCD","s14",-0.0642630194595875,0.00165775275073685,-38.7651412015595
30,"clean","d_Sw_AFM_MCD","s24",-0.0632468134551913,0.00168609668057617,-37.5107870051549
30,"clean","d_Sw_AFM_MCD","s34",-0.0652649991079445,0.00166955016913095,-39.091367432173
30,"clean","d_Sw_AFM_MCD","s44",-0.0072334478066884,0.00198258125894591,-3.6485000420786
30,"contaminated","a_Sp_classical","s11",0.538743285633694,0.00194476603035666,277.02215959361
30,"contaminated","a_Sp_classical","s12",0.53901634911976,0.00167643130815622,321.526057463447
30,"contaminated","a_Sp_classical","s22",0.538781072315444,0.00191944538549176,280.696224225942
30,"contaminated","a_Sp_classical","s13",0.537648698017503,0.00167975870240281,320.074959128608
30,"contaminated","a_Sp_classical","s23",0.538847087262759,0.00166704865195822,323.234169938469
30,"contaminated","a_Sp_classical","s33",0.539939987694613,0.0019264624965179,280.275369321002
30,"contaminated","a_Sp_classical","s14",0.538178439326694,0.00167926030021483,320.485418048556
30,"contaminated","a_Sp_classical","s24",0.538176150515126,0.00167204971714394,321.866117375024
30,"contaminated","a_Sp_classical","s34",0.537987890094486,0.00166031965925782,324.026693953002
30,"contaminated","a_Sp_classical","s44",0.538020609684243,0.00195399103621648,275.344461521182
30,"contaminated","b_MCD_uniform","s11",0.338383529383642,0.00347506329803404,97.3747815111962
30,"contaminated","b_MCD_uniform","s12",0.279341322798798,0.00324706785477977,86.0287912947676
30,"contaminated","b_MCD_uniform","s22",0.33775408656456,0.00348513156673132,96.9128654392055
30,"contaminated","b_MCD_uniform","s13",0.277736490006453,0.00324142212646542,85.6835299971585
30,"contaminated","b_MCD_uniform","s23",0.278439497570611,0.00322462109620728,86.3479736884759
30,"contaminated","b_MCD_uniform","s33",0.338975495857429,0.0034137166235665,99.2980769163209
30,"contaminated","b_MCD_uniform","s14",0.277414934360031,0.00329044256117701,84.3093077001771
30,"contaminated","b_MCD_uniform","s24",0.277128696298467,0.00327415231698764,84.6413573554934
30,"contaminated","b_MCD_uniform","s34",0.277719225128149,0.0032376082733785,85.7791312839538
30,"contaminated","b_MCD_uniform","s44",0.335934862695309,0.00347082065726009,96.7883091258597
30,"contaminated","c_AFM_classical","s11",0.0553870457069146,0.00153437783455347,36.097396912041
30,"contaminated","c_AFM_classical","s12",0.0565001924063838,0.00131037615476642,43.1175370529045
30,"contaminated","c_AFM_classical","s22",0.0558102455544582,0.00152379351292119,36.6258584783362
30,"contaminated","c_AFM_classical","s13",0.0550109055039856,0.00133016281426791,41.3565203551884
30,"contaminated","c_AFM_classical","s23",0.0563438891750389,0.0013126073313329,42.9251672073354
30,"contaminated","c_AFM_classical","s33",0.057159313154922,0.00156182024926629,36.5978819789117
30,"contaminated","c_AFM_classical","s14",0.0554512543423789,0.00132368771535069,41.891492758689
30,"contaminated","c_AFM_classical","s24",0.0559315400451052,0.00132123823128972,42.3326684927273
30,"contaminated","c_AFM_classical","s34",0.0557299426997467,0.00132687318349879,42.0009563783589
30,"contaminated","c_AFM_classical","s44",0.0554654194323508,0.00156672971693676,35.402034462457
30,"contaminated","d_Sw_AFM_MCD","s11",0.0446071196091344,0.002217048043235,20.1200509593135
30,"contaminated","d_Sw_AFM_MCD","s12",-0.0169038977795361,0.00188226307144205,-8.98062445999411
30,"contaminated","d_Sw_AFM_MCD","s22",0.0427541509324453,0.00216609540723337,19.7378891020561
30,"contaminated","d_Sw_AFM_MCD","s13",-0.018903467548874,0.00186876510518329,-10.1154861552383
30,"contaminated","d_Sw_AFM_MCD","s23",-0.0188511520753661,0.00183310166648294,-10.2837460791439
30,"contaminated","d_Sw_AFM_MCD","s33",0.0444383392576182,0.00217638422428248,20.4184255527164
30,"contaminated","d_Sw_AFM_MCD","s14",-0.0176361158072688,0.00189122745130127,-9.32522198487242
30,"contaminated","d_Sw_AFM_MCD","s24",-0.0187093311950069,0.00187561382637725,-9.97504439980806
30,"contaminated","d_Sw_AFM_MCD","s34",-0.0185895974776593,0.00187963592717798,-9.88999901995334
30,"contaminated","d_Sw_AFM_MCD","s44",0.0431744680399169,0.00222524024838621,19.4021603156009
100,"clean","a_Sp_classical","s11",-0.00088115115613713,0.00070918805259752,-1.24247885015796
100,"clean","a_Sp_classical","s12",-0.000885124126732299,0.000594425558923126,-1.48904116494555
100,"clean","a_Sp_classical","s22",-0.000643124284226647,0.000720035389067477,-0.893184271205839
100,"clean","a_Sp_classical","s13",-0.000503981939973951,0.00060478320252576,-0.833326616660594
100,"clean","a_Sp_classical","s23",-0.000101704207294838,0.000611428279774119,-0.166338736135023
100,"clean","a_Sp_classical","s33",0.000414237017838254,0.000710109884686286,0.583342137282396
100,"clean","a_Sp_classical","s14",-0.000503729875746906,0.000605457129382206,-0.831982730570701
100,"clean","a_Sp_classical","s24",-0.000552488324337023,0.000608350615313365,-0.908174185132422
100,"clean","a_Sp_classical","s34",-8.66604100686113e-05,0.000611121192528327,-0.141805604400791
100,"clean","a_Sp_classical","s44",-0.000515664499277519,0.000740147413835549,-0.696705128786808
100,"clean","b_MCD_uniform","s11",0.129262014275913,0.00114141378235804,113.247287069612
100,"clean","b_MCD_uniform","s12",0.07774548126527,0.000966331307472293,80.4542713912839
100,"clean","b_MCD_uniform","s22",0.130953308956398,0.00114444227375665,114.425438450942
100,"clean","b_MCD_uniform","s13",0.0767254432506461,0.000965409153700796,79.4745346639061
100,"clean","b_MCD_uniform","s23",0.0781556171961303,0.000952540383073014,82.0496627596938
100,"clean","b_MCD_uniform","s33",0.129653532155181,0.00111592159086834,116.185163201558
100,"clean","b_MCD_uniform","s14",0.0772924522579992,0.000950632092955917,81.3063779675945
100,"clean","b_MCD_uniform","s24",0.0784787590189438,0.000953968324833644,82.2655815460426
100,"clean","b_MCD_uniform","s34",0.0779492606773724,0.00094523425617443,82.4655477392981
100,"clean","b_MCD_uniform","s44",0.130526651688324,0.00112768240631664,115.747706053751
100,"clean","c_AFM_classical","s11",-0.0710336728479919,0.000700349233029906,-101.426073590001
100,"clean","c_AFM_classical","s12",-0.070362982852346,0.000582401805155503,-120.815186748192
100,"clean","c_AFM_classical","s22",-0.0708084880674165,0.000705146102675655,-100.416761574284
100,"clean","c_AFM_classical","s13",-0.070237652304576,0.000595107968966451,-118.02505758167
100,"clean","c_AFM_classical","s23",-0.0698106908429698,0.000592267555342112,-117.87019264063
100,"clean","c_AFM_classical","s33",-0.0701069223582615,0.000695391028354164,-100.816547093207
100,"clean","c_AFM_classical","s14",-0.0699585322297451,0.000592801565624043,-118.013406655058
100,"clean","c_AFM_classical","s24",-0.0698631682939263,0.000597150367278326,-116.994264966036
100,"clean","c_AFM_classical","s34",-0.069780100289098,0.000597215347497902,-116.842443151284
100,"clean","c_AFM_classical","s44",-0.0705028760883841,0.000720391733532504,-97.8674140840943
100,"clean","d_Sw_AFM_MCD","s11",-0.0143274303731625,0.00109537085894909,-13.0799813196678
100,"clean","d_Sw_AFM_MCD","s12",-0.067970605857206,0.000943402061015019,-72.0483966126548
100,"clean","d_Sw_AFM_MCD","s22",-0.0126153546536523,0.00110317387147279,-11.4355089255425
100,"clean","d_Sw_AFM_MCD","s13",-0.0697429345801596,0.000941783767090117,-74.0540844058592
100,"clean","d_Sw_AFM_MCD","s23",-0.0681679377891197,0.000914935141739292,-74.5057596755246
100,"clean","d_Sw_AFM_MCD","s33",-0.0147091077320659,0.00109173812042204,-13.4731099490962
100,"clean","d_Sw_AFM_MCD","s14",-0.0686583601876273,0.000922830782143631,-74.3997290902475
100,"clean","d_Sw_AFM_MCD","s24",-0.067713154102206,0.000919919907537359,-73.6076625230073
100,"clean","d_Sw_AFM_MCD","s34",-0.0684658466036035,0.000923275566230635,-74.1553758247087
100,"clean","d_Sw_AFM_MCD","s44",-0.0135235348248813,0.00109262686303567,-12.3770843298768
100,"contaminated","a_Sp_classical","s11",0.160863694159351,0.000846778612041978,189.971371349867
100,"contaminated","a_Sp_classical","s12",0.161007545027963,0.000698227183951143,230.594781653802
100,"contaminated","a_Sp_classical","s22",0.160998608335215,0.000823150644956767,195.588267252917
100,"contaminated","a_Sp_classical","s13",0.160609784396902,0.000713555031455398,225.083949123469
100,"contaminated","a_Sp_classical","s23",0.160483041969297,0.000697990693718007,229.921463729619
100,"contaminated","a_Sp_classical","s33",0.160352857114765,0.000848065527723055,189.08073948636
100,"contaminated","a_Sp_classical","s14",0.160500749241923,0.000715145482994955,224.430906799219
100,"contaminated","a_Sp_classical","s24",0.160726835031659,0.000715056631451588,224.774973005114
100,"contaminated","a_Sp_classical","s34",0.160576539989327,0.00071178070852175,225.598331152889
100,"contaminated","a_Sp_classical","s44",0.160307622858801,0.000860283728254538,186.342735069574
100,"contaminated","b_MCD_uniform","s11",0.190562061702906,0.00140932491414079,135.215137255333
100,"contaminated","b_MCD_uniform","s12",0.13757818075305,0.00125489830186935,109.632932444093
100,"contaminated","b_MCD_uniform","s22",0.192921319719295,0.00141204852306351,136.625134737397
100,"contaminated","b_MCD_uniform","s13",0.136593293275954,0.00125432193456164,108.89811420199
100,"contaminated","b_MCD_uniform","s23",0.137709027380047,0.00124618078105965,110.504855694332
100,"contaminated","b_MCD_uniform","s33",0.192242281284811,0.00139345038308224,137.961339433974
100,"contaminated","b_MCD_uniform","s14",0.136510066481857,0.00126313334714072,108.072569527886
100,"contaminated","b_MCD_uniform","s24",0.138338374712512,0.00128706132647426,107.483902955481
100,"contaminated","b_MCD_uniform","s34",0.137993460214275,0.0012687685975129,108.7617241511
100,"contaminated","b_MCD_uniform","s44",0.191636789241195,0.00142353870129734,134.62000651373
100,"contaminated","c_AFM_classical","s11",-0.0370637066975145,0.000768187033760791,-48.2482846866898
100,"contaminated","c_AFM_classical","s12",-0.0362946760420055,0.000629673231384198,-57.640493883184
100,"contaminated","c_AFM_classical","s22",-0.0369096481069526,0.000748230412230973,-49.3292540688107
100,"contaminated","c_AFM_classical","s13",-0.0364109447047398,0.000635072838300906,-57.3334939062341
100,"contaminated","c_AFM_classical","s23",-0.0366074970892529,0.000623958850835378,-58.6697296468213
100,"contaminated","c_AFM_classical","s33",-0.037070531737718,0.000759320115827307,-48.8206896735882
100,"contaminated","c_AFM_classical","s14",-0.0367396370228408,0.000643524499775156,-57.0912794084412
100,"contaminated","c_AFM_classical","s24",-0.0366556553119547,0.000630744726981322,-58.1148818911017
100,"contaminated","c_AFM_classical","s34",-0.0365326054803964,0.000624230580067161,-58.5242162863374
100,"contaminated","c_AFM_classical","s44",-0.0375843449826244,0.000760937435878782,-49.3921618394546
100,"contaminated","d_Sw_AFM_MCD","s11",0.00110788183227056,0.00116216509890854,0.95329126069182
100,"contaminated","d_Sw_AFM_MCD","s12",-0.0541006698181395,0.000964379675436859,-56.0989319830202
100,"contaminated","d_Sw_AFM_MCD","s22",0.00244204817318865,0.0011421435439932,2.13812719603587
100,"contaminated","d_Sw_AFM_MCD","s13",-0.0549934336193059,0.000972581777964679,-56.5437630698681
100,"contaminated","d_Sw_AFM_MCD","s23",-0.0539853015288229,0.000947447922537621,-56.9797033110063
100,"contaminated","d_Sw_AFM_MCD","s33",0.00277462522283845,0.00112948964620754,2.45653001969053
100,"contaminated","d_Sw_AFM_MCD","s14",-0.0550003706061366,0.0009717148129284,-56.6013503904352
100,"contaminated","d_Sw_AFM_MCD","s24",-0.0540217095628216,0.000964309088906135,-56.0211556484459
100,"contaminated","d_Sw_AFM_MCD","s34",-0.0535570157770969,0.000960876952740243,-55.7376421865071
100,"contaminated","d_Sw_AFM_MCD","s44",0.00202643670437755,0.00114561322988657,1.76886636040175
300,"clean","a_Sp_classical","s11",-0.000256852711761058,0.000429753120347105,-0.597675036201255
300,"clean","a_Sp_classical","s12",-0.000350613477582268,0.000343575885711892,-1.02048336965149
300,"clean","a_Sp_classical","s22",-0.00037567110611897,0.000412079795986641,-0.91164650579265
300,"clean","a_Sp_classical","s13",1.86129686317764e-05,0.00034983258222857,0.0532053604418563
300,"clean","a_Sp_classical","s23",2.77162190847592e-05,0.000349423755186129,0.0793197905791939
300,"clean","a_Sp_classical","s33",0.000133222372401376,0.000411258097425299,0.323938600201239
300,"clean","a_Sp_classical","s14",-0.00017932634718687,0.000345261856678263,-0.519392292308668
300,"clean","a_Sp_classical","s24",-0.000323981104240164,0.000347881146257597,-0.931298254376409
300,"clean","a_Sp_classical","s34",5.46628227853012e-05,0.000342831814064308,0.159445012227038
300,"clean","a_Sp_classical","s44",-0.0001339320793854,0.000424396462952365,-0.315582459037678
300,"clean","b_MCD_uniform","s11",0.130693927549617,0.000661071757321038,197.700062212986
300,"clean","b_MCD_uniform","s12",0.0781162531547714,0.000549913496467902,142.051892991375
300,"clean","b_MCD_uniform","s22",0.130747163562322,0.000646107813347573,202.361217216835
300,"clean","b_MCD_uniform","s13",0.0779152968382399,0.000558997656435261,139.383941848893
300,"clean","b_MCD_uniform","s23",0.0780332046993555,0.000547427166738973,142.545363914253
300,"clean","b_MCD_uniform","s33",0.129705769806314,0.000645648054705029,200.892372959401
300,"clean","b_MCD_uniform","s14",0.0784289014264795,0.00054509573756562,143.880966262441
300,"clean","b_MCD_uniform","s24",0.0784238314317286,0.000552487150991539,141.946887436174
300,"clean","b_MCD_uniform","s34",0.0781798321280353,0.000549641159149833,142.237950754928
300,"clean","b_MCD_uniform","s44",0.131176819776557,0.000644598723216836,203.501519708146
300,"clean","c_AFM_classical","s11",-0.0711735670079716,0.000425305471737072,-167.346934703845
300,"clean","c_AFM_classical","s12",-0.0705289374907973,0.000338577059670997,-208.309852886465
300,"clean","c_AFM_classical","s22",-0.0710715065514972,0.000405865046041178,-175.111178567189
300,"clean","c_AFM_classical","s13",-0.0704031759680313,0.000340730619517733,-206.624153906917
300,"clean","c_AFM_classical","s23",-0.0702207720622641,0.000345404485377329,-203.300116342013
300,"clean","c_AFM_classical","s33",-0.070825619063246,0.000402246197908688,-176.075297744204
300,"clean","c_AFM_classical","s14",-0.0705244576592505,0.000338623314566544,-208.268168863463
300,"clean","c_AFM_classical","s24",-0.0704669527039406,0.000343516103509498,-205.134350279425
300,"clean","c_AFM_classical","s34",-0.0703372027913706,0.00033394606627239,-210.624438779879
300,"clean","c_AFM_classical","s44",-0.0710221688523213,0.000411445415523736,-172.616260074051
300,"clean","d_Sw_AFM_MCD","s11",-0.0142546035503125,0.000638177060542627,-22.3364398873757
300,"clean","d_Sw_AFM_MCD","s12",-0.0687668556266204,0.000537763314056097,-127.875691459769
300,"clean","d_Sw_AFM_MCD","s22",-0.0140266133227223,0.000627098047352676,-22.3674964097502
300,"clean","d_Sw_AFM_MCD","s13",-0.0693889174178989,0.000542210205180633,-127.974200328418
300,"clean","d_Sw_AFM_MCD","s23",-0.06902478504098,0.000535192285978897,-128.971935600174
300,"clean","d_Sw_AFM_MCD","s33",-0.0153397141791311,0.000628136777176143,-24.4209776222504
300,"clean","d_Sw_AFM_MCD","s14",-0.068882843272562,0.000533710785452465,-129.063989617832
300,"clean","d_Sw_AFM_MCD","s24",-0.0687248497778479,0.000540031518783623,-127.260812355258
300,"clean","d_Sw_AFM_MCD","s34",-0.0691587916022527,0.000529231376024872,-130.677799418685
300,"clean","d_Sw_AFM_MCD","s44",-0.0138964806503881,0.000630755118519927,-22.0314988215971
300,"contaminated","a_Sp_classical","s11",0.0534067123651098,0.000438534962045703,121.784388902484
300,"contaminated","a_Sp_classical","s12",0.0536066467636521,0.000360684095885127,148.62492517753
300,"contaminated","a_Sp_classical","s22",0.0534384800732434,0.00042841341463535,124.735776816719
300,"contaminated","a_Sp_classical","s13",0.0538128056989951,0.000362179711685088,148.580397970455
300,"contaminated","a_Sp_classical","s23",0.0539808997636459,0.000363033142119392,148.694136982934
300,"contaminated","a_Sp_classical","s33",0.0537974458097271,0.000437021965647183,123.100095735597
300,"contaminated","a_Sp_classical","s14",0.0536994264851965,0.0003625404743202,148.119810859431
300,"contaminated","a_Sp_classical","s24",0.0539958408571025,0.00036527008038506,147.824428434383
300,"contaminated","a_Sp_classical","s34",0.0540762530347467,0.000368469504644645,146.759100422431
300,"contaminated","a_Sp_classical","s44",0.0541167510089897,0.000442012566059031,122.43260749687
300,"contaminated","b_MCD_uniform","s11",0.150789918601515,0.000704709053902065,213.974714481915
300,"contaminated","b_MCD_uniform","s12",0.0984973959242762,0.000618732399320774,159.192238894236
300,"contaminated","b_MCD_uniform","s22",0.151743738419853,0.000700230502690028,216.705410342609
300,"contaminated","b_MCD_uniform","s13",0.0981190414578017,0.000617979956517231,158.77382498095
300,"contaminated","b_MCD_uniform","s23",0.0987652316912105,0.000618501520341998,159.684703178415
300,"contaminated","b_MCD_uniform","s33",0.15139616711801,0.000722728336044603,209.478665173945
300,"contaminated","b_MCD_uniform","s14",0.0983884506332173,0.000610961836264195,161.038619424785
300,"contaminated","b_MCD_uniform","s24",0.0990750786168349,0.000610705843709609,162.230441443009
300,"contaminated","b_MCD_uniform","s34",0.098723617030327,0.000622885482502031,158.494008615789
300,"contaminated","b_MCD_uniform","s44",0.152044241820594,0.000701682567057656,216.685220580805
300,"contaminated","c_AFM_classical","s11",-0.0609246243183687,0.000413143973750772,-147.465842876172
300,"contaminated","c_AFM_classical","s12",-0.0599754515489611,0.000338051467913607,-177.415148998225
300,"contaminated","c_AFM_classical","s22",-0.0606468947908691,0.000403976504340066,-150.124807109615
300,"contaminated","c_AFM_classical","s13",-0.0598307473034065,0.000340419692490695,-175.75583499783
300,"contaminated","c_AFM_classical","s23",-0.0596844709943457,0.00034100677842796,-175.024295028653
300,"contaminated","c_AFM_classical","s33",-0.0603220762553551,0.000409425153474213,-147.333586477252
300,"contaminated","c_AFM_classical","s14",-0.060004734574698,0.000339170992554707,-176.915879871476
300,"contaminated","c_AFM_classical","s24",-0.0596832388164046,0.000340629441849327,-175.214563052376
300,"contaminated","c_AFM_classical","s34",-0.0596055254074083,0.000342903690287904,-173.825849927025
300,"contaminated","c_AFM_classical","s44",-0.0600590545631186,0.000416472559011138,-144.208911880584
300,"contaminated","d_Sw_AFM_MCD","s11",-0.0102275112030436,0.000641738782203076,-15.937187352045
300,"contaminated","d_Sw_AFM_MCD","s12",-0.0645949005806448,0.000547826868574489,-117.91115822546
300,"contaminated","d_Sw_AFM_MCD","s22",-0.0092579059240102,0.000636654918048211,-14.5414818319351
300,"contaminated","d_Sw_AFM_MCD","s13",-0.0649803829982971,0.000548287938443313,-118.51506925866
300,"contaminated","d_Sw_AFM_MCD","s23",-0.064541250626135,0.000548874895210453,-117.58827228086
300,"contaminated","d_Sw_AFM_MCD","s33",-0.00953220882687273,0.000649186388619235,-14.6833159073882
300,"contaminated","d_Sw_AFM_MCD","s14",-0.0651857431372699,0.000547549736452352,-119.049903228184
300,"contaminated","d_Sw_AFM_MCD","s24",-0.0644655313975453,0.000546983977968986,-117.856343136253
300,"contaminated","d_Sw_AFM_MCD","s34",-0.0647134349432217,0.000549060214333098,-117.862182059256
300,"contaminated","d_Sw_AFM_MCD","s44",-0.00970350993451224,0.000637615964656718,-15.218423741533
