"order","batch","type","T2_NEW","ratio_NEW","T2_classical","ratio_classical","UCL_NEW","UCL_classical"
1,"F2_sano_025","Healthy",3.90389498374789,0.198724040250737,3.67428901628156,0.188769690456058,19.644804819901,19.4644013422106
2,"F2_sano_026","Healthy",5.62257224826662,0.286211662564889,3.36120259178949,0.172684611907399,19.644804819901,19.4644013422106
3,"F2_sano_027","Healthy",4.80215540891632,0.244449128048935,2.5344089914994,0.130207394871338,19.644804819901,19.4644013422106
4,"F2_sano_028","Healthy",3.71142341467659,0.188926459117413,2.78472183595518,0.143067427916019,19.644804819901,19.4644013422106
5,"F2_sano_029","Healthy",2.42525114459181,0.123455089873681,0.188038185536306,0.0096606200329689,19.644804819901,19.4644013422106
6,"F2_sano_030","Healthy",3.72698215540033,0.189718461932731,1.68811160641835,0.0867281544774515,19.644804819901,19.4644013422106
7,"F2_sano_031","Healthy",0.367459350169209,0.0187051667623063,0.556528545525893,0.0285921223952059,19.644804819901,19.4644013422106
8,"F2_sano_032","Healthy",0.893525647909701,0.0454840684904398,1.02280512979944,0.052547474325932,19.644804819901,19.4644013422106
9,"F2_sano_033","Healthy",1.35162900520949,0.0688033817388827,1.97655333643464,0.10154709110669,19.644804819901,19.4644013422106
10,"F2_sano_034","Healthy",1.43115239933139,0.0728514440561696,1.91899286815014,0.0985898736062644,19.644804819901,19.4644013422106
11,"F2_fallo_007","Faulty",66.6235312448457,3.39140713565926,9.49353730203923,0.487738468557547,19.644804819901,19.4644013422106
12,"F2_fallo_008","Faulty",61.5168619039719,3.13145701715767,10.9003916152027,0.560016792890728,19.644804819901,19.4644013422106
13,"F2_fallo_009","Faulty",106.292912442274,5.4107390435661,18.772388789922,0.964447272735389,19.644804819901,19.4644013422106
14,"F2_fallo_010","Faulty",114.831993048304,5.84541277457612,19.4893257168478,1.00128051072309,19.644804819901,19.4644013422106
15,"F2_fallo_011","Faulty",107.600335187148,5.47729214790387,12.7813138832737,0.656650757378092,19.644804819901,19.4644013422106
16,"F2_fallo_012","Faulty",84.2792690569474,4.29015558207882,12.0342076623486,0.618267546521,19.644804819901,19.4644013422106
17,"F2_fallo_013","Faulty",66.8857913880931,3.40475723741143,9.14332329662355,0.46974592929274,19.644804819901,19.4644013422106
18,"F2_fallo_014","Faulty",91.2506356285515,4.64502632961314,10.0702292724491,0.517366503875503,19.644804819901,19.4644013422106
19,"F2_fallo_015","Faulty",95.4949674336582,4.86107998064291,8.86955250156558,0.455680724293896,19.644804819901,19.4644013422106
20,"F2_fallo_016","Faulty",41.8643106837518,2.13106269405851,6.46107553767205,0.331943193323935,19.644804819901,19.4644013422106
21,"F2_fallo_017","Faulty",75.1808794832737,3.82701076302434,14.623783616315,0.751309190517043,19.644804819901,19.4644013422106
22,"F2_fallo_018","Faulty",115.592582962044,5.88412987666557,21.5918439747018,1.10929915567851,19.644804819901,19.4644013422106
23,"F2_fallo_019","Faulty",76.7520289059475,3.90698862165301,16.7665889545307,0.86139761813124,19.644804819901,19.4644013422106
24,"F2_fallo_020","Faulty",85.4588172388654,4.35019935409548,10.4866471410096,0.538760322325879,19.644804819901,19.4644013422106
25,"F2_fallo_021","Faulty",80.6267480558016,4.10422749398473,9.89248361576292,0.508234671174297,19.644804819901,19.4644013422106
26,"F2_fallo_022","Faulty",48.0484301656337,2.44585938145634,7.70493538601898,0.395847539852666,19.644804819901,19.4644013422106
27,"F2_fallo_023","Faulty",62.9086308287995,3.20230368311271,10.2925172596515,0.528786736293353,19.644804819901,19.4644013422106
28,"F2_fallo_024","Faulty",100.037615882416,5.0923191550915,15.2733437970357,0.784680891464867,19.644804819901,19.4644013422106
29,"F2_fallo_025","Faulty",112.988712231429,5.75158232760686,16.5655310210468,0.851068097590175,19.644804819901,19.4644013422106
30,"F2_fallo_026","Faulty",87.9804517342848,4.47856074625678,15.7366165194778,0.808481917465983,19.644804819901,19.4644013422106
