"IDV","Shift_SD","chart","limit","UCL","det","fa","T2_med_sano","T2_min_fallo"
1,8.33,"classical","F",19.46,20,0,1.9,88.5
1,8.33,"classical","simulated",19.23,20,0,1.9,88.5
1,8.33,"V7","Eq8_mstar13_published",19.69,20,0,2.6,976.5
1,8.33,"NEW","Eq8_mstar14",19.64,20,0,3.1,843.2
1,8.33,"NEW","simulated",19.32,20,0,3.1,843.2
1,8.33,"MRCD","simulated",21.36,20,0,2.1,698.9
1,8.33,"RMCD_pooled","simulated",19.68,20,0,3.1,865.1
13,4.89,"classical","F",19.46,20,0,1.9,71.1
13,4.89,"classical","simulated",19.23,20,0,1.9,71.1
13,4.89,"V7","Eq8_mstar13_published",19.69,20,0,2.6,567.7
13,4.89,"NEW","Eq8_mstar14",19.64,20,0,3.1,584.2
13,4.89,"NEW","simulated",19.32,20,0,3.1,584.2
13,4.89,"MRCD","simulated",21.36,20,0,2.1,191.1
13,4.89,"RMCD_pooled","simulated",19.68,20,0,3.1,683.6
7,1.78,"classical","F",19.46,2,0,1.9,6.5
7,1.78,"classical","simulated",19.23,2,0,1.9,6.5
7,1.78,"V7","Eq8_mstar13_published",19.69,20,0,2.6,43.3
7,1.78,"NEW","Eq8_mstar14",19.64,20,0,3.1,41.9
7,1.78,"NEW","simulated",19.32,20,0,3.1,41.9
7,1.78,"MRCD","simulated",21.36,20,0,2.1,23
7,1.78,"RMCD_pooled","simulated",19.68,20,0,3.1,46.9
8,1.76,"classical","F",19.46,15,0,1.9,13.4
8,1.76,"classical","simulated",19.23,15,0,1.9,13.4
8,1.76,"V7","Eq8_mstar13_published",19.69,20,0,2.6,86.1
8,1.76,"NEW","Eq8_mstar14",19.64,20,0,3.1,85.5
8,1.76,"NEW","simulated",19.32,20,0,3.1,85.5
8,1.76,"MRCD","simulated",21.36,20,0,2.1,33
8,1.76,"RMCD_pooled","simulated",19.68,20,0,3.1,96.7
3,0.3,"classical","F",19.46,0,0,1.9,0.4
3,0.3,"classical","simulated",19.23,0,0,1.9,0.4
3,0.3,"V7","Eq8_mstar13_published",19.69,0,0,2.6,1
3,0.3,"NEW","Eq8_mstar14",19.64,0,0,3.1,0.7
3,0.3,"NEW","simulated",19.32,0,0,3.1,0.7
3,0.3,"MRCD","simulated",21.36,0,0,2.1,0.9
3,0.3,"RMCD_pooled","simulated",19.68,0,0,3.1,1
