"seed_base","phase1","method","UCL","false_alarms","FAR","SE_FAR","ARL0","CI95_low","CI95_high"
2026,"clean","V7",19.6929,125,0.000625,5.85781802517012e-05,1600,1343,1922
2026,"clean","SM_std",19.6929,142,0.00071,6.28484284806012e-05,1408,1195,1672
2026,"clean","MCDc_V7w",19.6929,172,0.00086,6.84290966668077e-05,1163,1001,1358
2026,"clean","NEW",19.6929,178,0.00089,6.89661378074925e-05,1124,970,1309
2026,"clean","CLASSICAL",19.4644,182,0.00091,6.81048392889028e-05,1099,950,1278
2026,"contaminated","V7",19.6929,140,7e-04,6.00566682534159e-05,1429,1211,1698
2026,"contaminated","SM_std",19.6929,122,0.00061,5.62630675166507e-05,1639,1373,1974
2026,"contaminated","MCDc_V7w",19.6929,151,0.000755,6.39690043439663e-05,1325,1129,1564
2026,"contaminated","NEW",19.6929,154,0.00077,6.40749779664472e-05,1299,1109,1531
2026,"contaminated","CLASSICAL",19.4644,142,0.00071,6.08259804684641e-05,1408,1195,1672
20000,"clean","V7",19.6929,160,8e-04,6.31030189095399e-05,1250,1071,1469
20000,"clean","SM_std",19.6929,165,0.000825,6.31401682007596e-05,1212,1041,1421
20000,"clean","MCDc_V7w",19.6929,205,0.001025,7.28171591682528e-05,976,851,1124
20000,"clean","NEW",19.6929,210,0.00105,7.41721022378036e-05,952,832,1096
20000,"clean","CLASSICAL",19.4644,223,0.001115,7.35261215165919e-05,897,787,1027
20000,"contaminated","V7",19.6929,145,0.000725,6.37512322218552e-05,1379,1172,1635
20000,"contaminated","SM_std",19.6929,135,0.000675,5.95731649401851e-05,1481,1252,1767
20000,"contaminated","MCDc_V7w",19.6929,158,0.00079,6.47305571002695e-05,1266,1083,1489
20000,"contaminated","NEW",19.6929,157,0.000785,6.45675768942354e-05,1274,1090,1499
20000,"contaminated","CLASSICAL",19.4644,161,0.000805,6.48312350994662e-05,1242,1065,1459
40000,"clean","V7",19.6929,145,0.000725,6.01165076933834e-05,1379,1172,1635
40000,"clean","SM_std",19.6929,156,0.00078,6.2030023874983e-05,1282,1096,1510
40000,"clean","MCDc_V7w",19.6929,192,0.00096,6.99403018503027e-05,1042,904,1206
40000,"clean","NEW",19.6929,193,0.000965,7.04405311892032e-05,1036,900,1200
40000,"clean","CLASSICAL",19.4644,206,0.00103,7.22645215893683e-05,971,847,1118
40000,"contaminated","V7",19.6929,142,0.00071,5.87339325894215e-05,1408,1195,1672
40000,"contaminated","SM_std",19.6929,137,0.000685,5.82415963188758e-05,1460,1235,1739
40000,"contaminated","MCDc_V7w",19.6929,157,0.000785,6.21998545895043e-05,1274,1090,1499
40000,"contaminated","NEW",19.6929,158,0.00079,6.23690223386076e-05,1266,1083,1489
40000,"contaminated","CLASSICAL",19.4644,144,0.00072,5.95195034055462e-05,1389,1180,1647
60000,"clean","V7",19.6929,145,0.000725,6.21620427574568e-05,1379,1172,1635
60000,"clean","SM_std",19.6929,165,0.000825,6.66101039856303e-05,1212,1041,1421
60000,"clean","MCDc_V7w",19.6929,213,0.001065,7.72066573163674e-05,939,821,1079
60000,"clean","NEW",19.6929,210,0.00105,7.68225282741021e-05,952,832,1096
60000,"clean","CLASSICAL",19.4644,176,0.00088,6.75653945542438e-05,1136,980,1325
60000,"contaminated","V7",19.6929,131,0.000655,5.79842097841485e-05,1527,1287,1826
60000,"contaminated","SM_std",19.6929,125,0.000625,5.64028203113066e-05,1600,1343,1922
60000,"contaminated","MCDc_V7w",19.6929,163,0.000815,6.51537412970468e-05,1227,1052,1440
60000,"contaminated","NEW",19.6929,163,0.000815,6.51537412970468e-05,1227,1052,1440
60000,"contaminated","CLASSICAL",19.4644,151,0.000755,6.15782708568604e-05,1325,1129,1564
80000,"clean","V7",19.6929,154,0.00077,6.16883516262445e-05,1299,1109,1531
80000,"clean","SM_std",19.6929,164,0.00082,6.37638841073709e-05,1220,1047,1430
80000,"clean","MCDc_V7w",19.6929,182,0.00091,6.91978624820597e-05,1099,950,1278
80000,"clean","NEW",19.6929,183,0.000915,6.93454533184979e-05,1093,946,1270
80000,"clean","CLASSICAL",19.4644,194,0.00097,6.87889232215405e-05,1031,896,1193
80000,"contaminated","V7",19.6929,148,0.00074,6.26750674673831e-05,1351,1150,1599
80000,"contaminated","SM_std",19.6929,135,0.000675,5.99915576852006e-05,1481,1252,1767
80000,"contaminated","MCDc_V7w",19.6929,159,0.000795,6.56592953932325e-05,1258,1077,1479
80000,"contaminated","NEW",19.6929,163,0.000815,6.59170693372741e-05,1227,1052,1440
80000,"contaminated","CLASSICAL",19.4644,156,0.00078,6.0395561193733e-05,1282,1096,1510
