"K","phase1","estimator","lambda1_mean","lambda1_true","lambda1_rel_bias","lambda2_mean","lambda3_mean","lambda4_mean","lambda_rest_true","det_mean","det_true","det_rel_bias","frobenius_mean","frobenius_se","max_abs_elem_bias","max_elem_bias_se","n_rep"
30,"clean","a_Sp_classical",2.80481575461826,2.8,0.00171991236366331,0.433938997479337,0.39784914856112,0.364932226464906,0.4,0.177041597384519,0.1792,-0.0120446574524592,0.187100428612594,0.00175002753309947,0.00211990632875869,0.0013209301715415,2000
30,"clean","b_MCD_uniform",3.16985828569947,2.8,0.132092244892666,0.505643180869947,0.449866752512773,0.395944606347307,0.4,0.286044032498789,0.1792,0.596227859926275,0.451778662193106,0.00446486614603785,0.132954350600469,0.00205572074329187,2000
30,"clean","c_AFM_classical",2.53200802832687,2.8,-0.0957114184546874,0.435281008215888,0.397230834914126,0.362639589975909,0.4,0.159102893642271,0.1792,-0.112149031014111,0.309701732649337,0.00291334099009851,0.0693653198394555,0.00130144797326986,2000
30,"clean","d_Sw_AFM_MCD",2.60173505974515,2.8,-0.0708089072338735,0.512641297009038,0.451563776832307,0.394217170881725,0.4,0.238094797906761,0.1792,0.328654006176123,0.357411425904889,0.00328938497678933,0.0664321479836667,0.00200400004423909,2000
30,"contaminated","a_Sp_classical",4.95613117546167,2.8,0.770046848379168,0.43440604928343,0.399227401688342,0.365720328894552,0.4,0.315024927174594,0.1792,0.757951602536797,2.15953959015144,0.00601477852308175,0.539939987694613,0.00195399103621648,2000
30,"contaminated","b_MCD_uniform",3.97707258103003,2.8,0.420383064653583,0.514442789324237,0.456753291470248,0.402779312676424,0.4,0.376883975427711,0.1792,1.10314718430643,1.20335972273573,0.0119406041536851,0.338975495857429,0.00348513156673132,2000
30,"contaminated","c_AFM_classical",3.02589244345682,2.8,0.0806758726631518,0.438514451485296,0.398659637916525,0.360755490989999,0.4,0.191404749093128,0.1792,0.068106858778616,0.296733065860749,0.00338173001942064,0.057159313154922,0.00156672971693676,2000
30,"contaminated","d_Sw_AFM_MCD",2.79495965933088,2.8,-0.00180012166754262,0.52260746772061,0.458402078184542,0.399004872603082,0.4,0.268204407385382,0.1792,0.496676380498782,0.33962353934324,0.00307851828988568,0.0446071196091344,0.00222524024838621,2000
100,"clean","a_Sp_classical",2.79898959793987,2.8,-0.000360857878619281,0.418896016752113,0.399492265194548,0.38099641719167,0.4,0.178570702949842,0.1792,-0.00351170228882902,0.104418711873459,0.00101376286395848,0.000885124126732299,0.000740147413835549,2000
100,"clean","b_MCD_uniform",3.16492482956107,2.8,0.13033029627181,0.482393445283169,0.451735449790864,0.421341782440715,0.4,0.290790668568249,0.1792,0.622715784421035,0.394159720644869,0.00291658135777874,0.130953308956398,0.00114444227375665,2000
100,"clean","c_AFM_classical",2.52011021004792,2.8,-0.0999606392685988,0.419248592565579,0.398812541055087,0.379376696969357,0.4,0.159971286684507,0.1792,-0.107303087698065,0.289233018527338,0.00193739686869279,0.0710336728479919,0.000720391733532504,2000
100,"clean","d_Sw_AFM_MCD",2.58265546742392,2.8,-0.0776230473485995,0.487423010462505,0.453859561517079,0.420886533012733,0.4,0.240701546158278,0.1792,0.343200592401105,0.275672920862896,0.00237237731609271,0.0697429345801596,0.00110317387147279,2000
100,"contaminated","a_Sp_classical",3.44331066519748,2.8,0.229753808999099,0.419049662905028,0.399202021083551,0.380960433282075,0.4,0.219584549562576,0.1792,0.22536020961259,0.646908198721075,0.0024679333353413,0.161007545027963,0.000860283728254538,2000
100,"contaminated","b_MCD_uniform",3.40585501071606,2.8,0.216376789541451,0.484773090685296,0.453346596403117,0.423387754143732,0.4,0.317089658073504,0.1792,0.769473538356607,0.623780419758992,0.00441477996883133,0.192921319719295,0.00142353870129734,2000
100,"contaminated","c_AFM_classical",2.65397713934511,2.8,-0.0521510216624624,0.42000748336346,0.39861890008554,0.378768245681085,0.4,0.168449258147817,0.1792,-0.0599929790858428,0.1719298120104,0.00175436444691144,0.0375843449826244,0.000768187033760791,2000
100,"contaminated","d_Sw_AFM_MCD",2.64105459808458,2.8,-0.056766214969792,0.489726593734264,0.455205531054889,0.42236426905894,0.4,0.248979020061411,0.1792,0.389391853021268,0.243293216883472,0.00211432478002859,0.0550003706061366,0.00116216509890854,2000
300,"clean","a_Sp_classical",2.79971080296351,2.8,-0.000103284655888936,0.410842925622021,0.399720561897003,0.3890924759926,0.4,0.178935384504844,0.1792,-0.00147664896850486,0.0598649826035696,0.000593206634031905,0.00037567110611897,0.000429753120347105,2000
300,"clean","b_MCD_uniform",3.16568660523163,2.8,0.130602359011298,0.469917824420749,0.452104380648185,0.434614870394243,0.4,0.29235914346229,0.1792,0.631468434499385,0.382179190946982,0.0017527845268373,0.131176819776557,0.000661071757321038,2000
300,"clean","c_AFM_classical",2.51798522167151,2.8,-0.100719563688747,0.410839607672112,0.399121852958029,0.387960456223314,0.4,0.160225285075974,0.1792,-0.105885685959965,0.284860109929287,0.00115294212171044,0.0711735670079716,0.000425305471737072,2000
300,"clean","d_Sw_AFM_MCD",2.57925859942904,2.8,-0.0788362144896283,0.47355210509758,0.454330622657297,0.435341261113529,0.4,0.241656311466883,0.1792,0.348528523810732,0.2514054289598,0.0015539691342017,0.0693889174178989,0.000638177060542627,2000
300,"contaminated","a_Sp_classical",3.01551050079606,2.8,0.0769680359985934,0.410718244308263,0.399674892265713,0.388855751887033,0.4,0.192533508952342,0.1792,0.0744057419215491,0.219157994821407,0.00122730251638307,0.0541167510089897,0.000442012566059031,2000
300,"contaminated","b_MCD_uniform",3.24780720137298,2.8,0.159931143347493,0.470267502458071,0.452485684814867,0.435413677314054,0.4,0.300979372506338,0.1792,0.679572391218404,0.461388088476926,0.00208595396797792,0.152044241820594,0.000722728336044603,2000
300,"contaminated","c_AFM_classical",2.5603612704654,2.8,-0.0855852605480701,0.410869000876813,0.399083639402995,0.387733439327077,0.4,0.162825080335455,0.1792,-0.0913778999137549,0.242966458483452,0.00114924848133759,0.0609246243183687,0.000416472559011138,2000
300,"contaminated","d_Sw_AFM_MCD",2.59666344785059,2.8,-0.0726201971962163,0.474026058976709,0.454458981759879,0.436130375524379,0.4,0.244041788983227,0.1792,0.361840340308185,0.237127347106573,0.00157321866743355,0.0651857431372699,0.000649186388619235,2000
