"dir","ob","chart","versus","diff","SE_paired","z","verdict"
"D1",0,"b_MCD_unif","a_classical",-0.01337,9e-04,-14.5,"worse"
"D1",0,"c_AFM_cls","a_classical",0.02045,4e-04,48.5,"better"
"D1",0,"d_V7","a_classical",0.025845,8e-04,31.2,"better"
"D1",0,"e_NEW","a_classical",0.014145,0.0012,11.7,"better"
"D1",6,"b_MCD_unif","a_classical",0.460365,0.0033,139,"better"
"D1",6,"c_AFM_cls","a_classical",0.26463,0.0017,153.4,"better"
"D1",6,"d_V7","a_classical",0.59285,0.0023,255.3,"better"
"D1",6,"e_NEW","a_classical",0.615165,0.0024,255.5,"better"
"mD1",0,"b_MCD_unif","a_classical",-0.01223,9e-04,-13.1,"worse"
"mD1",0,"c_AFM_cls","a_classical",0.02107,4e-04,49.8,"better"
"mD1",0,"d_V7","a_classical",0.02821,8e-04,34,"better"
"mD1",0,"e_NEW","a_classical",0.01701,0.0013,13.2,"better"
"mD1",6,"b_MCD_unif","a_classical",0.03982,0.0013,30.3,"better"
"mD1",6,"c_AFM_cls","a_classical",0.13929,0.0014,100.7,"better"
"mD1",6,"d_V7","a_classical",0.124675,0.0014,91,"better"
"mD1",6,"e_NEW","a_classical",0.097865,0.0017,59.1,"better"
"D4",0,"b_MCD_unif","a_classical",-0.014145,0.001,-14.9,"worse"
"D4",0,"c_AFM_cls","a_classical",-0.00847,4e-04,-23.2,"worse"
"D4",0,"d_V7","a_classical",-0.037065,0.0012,-30.6,"worse"
"D4",0,"e_NEW","a_classical",-0.052945,0.0017,-30.6,"worse"
"D4",6,"b_MCD_unif","a_classical",8e-04,0.001,0.8,"no difference"
"D4",6,"c_AFM_cls","a_classical",-0.062255,0.0011,-59,"worse"
"D4",6,"d_V7","a_classical",-0.03582,0.0014,-25.2,"worse"
"D4",6,"e_NEW","a_classical",-0.036785,0.0018,-19.9,"worse"
"mD4",0,"b_MCD_unif","a_classical",-0.012585,9e-04,-13.6,"worse"
"mD4",0,"c_AFM_cls","a_classical",-0.008885,4e-04,-25,"worse"
"mD4",0,"d_V7","a_classical",-0.037235,0.0012,-30.5,"worse"
"mD4",0,"e_NEW","a_classical",-0.05551,0.0018,-30.8,"worse"
"mD4",6,"b_MCD_unif","a_classical",-0.020975,9e-04,-23.2,"worse"
"mD4",6,"c_AFM_cls","a_classical",-0.027475,7e-04,-39.3,"worse"
"mD4",6,"d_V7","a_classical",-0.047815,0.0012,-38.8,"worse"
"mD4",6,"e_NEW","a_classical",-0.066595,0.0018,-36.5,"worse"
"D2",0,"b_MCD_unif","a_classical",-0.01357,9e-04,-14.4,"worse"
"D2",0,"c_AFM_cls","a_classical",-0.010115,4e-04,-27.7,"worse"
"D2",0,"d_V7","a_classical",-0.040375,0.0012,-33.3,"worse"
"D2",0,"e_NEW","a_classical",-0.057075,0.0017,-32.7,"worse"
"D2",6,"b_MCD_unif","a_classical",-0.01672,9e-04,-18.1,"worse"
"D2",6,"c_AFM_cls","a_classical",-0.04802,9e-04,-53.7,"worse"
"D2",6,"d_V7","a_classical",-0.05369,0.0014,-38.8,"worse"
"D2",6,"e_NEW","a_classical",-0.062065,0.0018,-34.9,"worse"
"D3",0,"b_MCD_unif","a_classical",-0.014225,0.001,-15,"worse"
"D3",0,"c_AFM_cls","a_classical",-0.01006,4e-04,-27.9,"worse"
"D3",0,"d_V7","a_classical",-0.042445,0.0012,-34.4,"worse"
"D3",0,"e_NEW","a_classical",-0.057795,0.0018,-32.7,"worse"
"D3",6,"b_MCD_unif","a_classical",-0.01569,9e-04,-16.9,"worse"
"D3",6,"c_AFM_cls","a_classical",-0.048775,9e-04,-54.4,"worse"
"D3",6,"d_V7","a_classical",-0.053765,0.0013,-39.9,"worse"
"D3",6,"e_NEW","a_classical",-0.062775,0.0018,-34.5,"worse"
