"K","method","UCL","false_alarms","FAR","SE_FAR","ARL0","CI95_low","CI95_high"
30,"V7",19.6929,125,0.000625,5.85781802517012e-05,1600,1343,1922
30,"SM_std",19.6929,142,0.00071,6.28484284806012e-05,1408,1195,1672
30,"MCDc_V7w",19.6929,172,0.00086,6.84290966668077e-05,1163,1001,1358
30,"NEW",19.6929,178,0.00089,6.89661378074925e-05,1124,970,1309
30,"CLASSICAL",19.4644,182,0.00091,6.81048392889028e-05,1099,950,1278
50,"V7",19.1941,111,0.000555,5.49772566555907e-05,1802,1496,2190
50,"SM_std",19.1941,111,0.000555,5.49772566555907e-05,1802,1496,2190
50,"MCDc_V7w",19.1941,124,0.00062,5.75278604448634e-05,1613,1353,1939
50,"NEW",19.1941,124,0.00062,5.75278604448634e-05,1613,1353,1939
50,"CLASSICAL",19.061,183,0.000915,6.8983816097993e-05,1093,946,1270
100,"V7",18.8274,133,0.000665,5.83574356457476e-05,1504,1269,1796
100,"SM_std",18.8274,138,0.00069,5.96970004768495e-05,1449,1227,1725
100,"MCDc_V7w",18.8274,132,0.00066,5.77396478467503e-05,1515,1278,1811
100,"NEW",18.8274,131,0.000655,5.7551225632352e-05,1527,1287,1826
100,"CLASSICAL",18.7623,194,0.00097,7.05835747218165e-05,1031,896,1193
200,"V7",18.6464,115,0.000575,5.34894200663039e-05,1739,1449,2106
200,"SM_std",18.6464,122,0.00061,5.5366801798286e-05,1639,1373,1974
200,"MCDc_V7w",18.6464,118,0.00059,5.45659116973196e-05,1695,1415,2048
200,"NEW",18.6464,120,6e-04,5.49682704419349e-05,1667,1394,2010
200,"CLASSICAL",18.6142,199,0.000995,7.16418437569026e-05,1005,875,1161
500,"V7",18.5385,123,0.000615,5.64577828170777e-05,1626,1363,1956
500,"SM_std",18.5385,124,0.00062,5.66516081179623e-05,1613,1353,1939
500,"MCDc_V7w",18.5385,122,0.00061,5.67058883969685e-05,1639,1373,1974
500,"NEW",18.5385,123,0.000615,5.68990883330002e-05,1626,1363,1956
500,"CLASSICAL",18.5257,189,0.000945,7.09295636635441e-05,1058,918,1227
