"id","chart","TPR_ncal5000","TPR_ncal50000","difference"
"P_d1.0_c0","a_classical",0.901,0.8977,-0.0033
"P_d1.0_c0","b_MCD_unif",0.8877,0.8841,-0.0036
"P_d1.0_c0","c_AFM_cls",0.9215,0.9188,-0.0027
"P_d1.0_c0","d_V7",0.9269,0.9249,-0.002
"P_d1.0_c0","e_NEW",0.9152,0.9133,-0.0019
"P_d1.0_c0","f_MRCD",0.8617,0.8574,-0.0043
"P_d1.0_c0","g_RMCD_pooled",0.8975,0.8945,-0.003
"P_d1.0_c6","a_classical",0.27,0.2581,-0.0119
"P_d1.0_c6","b_MCD_unif",0.7304,0.7237,-0.0067
"P_d1.0_c6","c_AFM_cls",0.5346,0.525,-0.0096
"P_d1.0_c6","d_V7",0.8629,0.8593,-0.0036
"P_d1.0_c6","e_NEW",0.8852,0.8817,-0.0035
"P_d1.0_c6","f_MRCD",0.8596,0.8561,-0.0035
"P_d1.0_c6","g_RMCD_pooled",0.8871,0.8843,-0.0028
