"composition","label","chart","limit","UCL","det","fa","t2_min_faulty","near_limit"
1,"publicada","V7","Eq8_mstar13_published",19.6928514338751,20,0,43.2836451845274,0
1,"publicada","NEW","Eq8_mstar14",19.644804819901,20,0,41.8643106837518,0
1,"publicada","NEW","simulated",19.32339,20,0,41.8643106837518,0
1,"publicada","classical","F",19.4644013422106,2,0,6.46107553767205,6
2,"sorteo_01","V7","Eq8_mstar13_published",19.6928514338751,20,0,31.8329568834323,0
2,"sorteo_01","NEW","Eq8_mstar14",19.644804819901,20,0,31.7358104684504,0
2,"sorteo_01","NEW","simulated",19.32339,20,0,31.7358104684504,0
2,"sorteo_01","classical","F",19.4644013422106,5,0,4.82230876159828,7
3,"sorteo_02","V7","Eq8_mstar13_published",19.6928514338751,20,0,41.7794634278718,0
3,"sorteo_02","NEW","Eq8_mstar14",19.644804819901,20,0,39.8219373789626,0
3,"sorteo_02","NEW","simulated",19.32339,20,0,39.8219373789626,0
3,"sorteo_02","classical","F",19.4644013422106,2,0,5.72661953213988,6
4,"sorteo_03","V7","Eq8_mstar13_published",19.6928514338751,20,0,54.0994395394934,0
4,"sorteo_03","NEW","Eq8_mstar14",19.644804819901,20,0,52.4456808297495,0
4,"sorteo_03","NEW","simulated",19.32339,20,0,52.4456808297495,0
4,"sorteo_03","classical","F",19.4644013422106,3,0,6.54910645271892,12
5,"sorteo_04","V7","Eq8_mstar13_published",19.6928514338751,20,0,41.8475915151833,0
5,"sorteo_04","NEW","Eq8_mstar14",19.644804819901,20,0,41.5373782371993,0
5,"sorteo_04","NEW","simulated",19.32339,20,0,41.5373782371993,0
5,"sorteo_04","classical","F",19.4644013422106,0,0,4.01948913899343,4
6,"sorteo_05","V7","Eq8_mstar13_published",19.6928514338751,20,0,38.5086861963386,0
6,"sorteo_05","NEW","Eq8_mstar14",19.644804819901,20,0,37.1687423103974,0
6,"sorteo_05","NEW","simulated",19.32339,20,0,37.1687423103974,0
6,"sorteo_05","classical","F",19.4644013422106,3,0,4.4459461586239,7
7,"sorteo_06","V7","Eq8_mstar13_published",19.6928514338751,20,0,49.3824740561394,0
7,"sorteo_06","NEW","Eq8_mstar14",19.644804819901,20,0,47.9314626816113,0
7,"sorteo_06","NEW","simulated",19.32339,20,0,47.9314626816113,0
7,"sorteo_06","classical","F",19.4644013422106,2,0,6.1622690290774,5
8,"sorteo_07","V7","Eq8_mstar13_published",19.6928514338751,20,0,48.6853146827318,0
8,"sorteo_07","NEW","Eq8_mstar14",19.644804819901,20,0,48.3671901678865,0
8,"sorteo_07","NEW","simulated",19.32339,20,0,48.3671901678865,0
8,"sorteo_07","classical","F",19.4644013422106,0,0,5.65335411366362,5
9,"sorteo_08","V7","Eq8_mstar13_published",19.6928514338751,20,0,51.5576169516369,0
9,"sorteo_08","NEW","Eq8_mstar14",19.644804819901,20,0,48.362365724087,0
9,"sorteo_08","NEW","simulated",19.32339,20,0,48.362365724087,0
9,"sorteo_08","classical","F",19.4644013422106,1,0,6.51560169691666,4
10,"sorteo_09","V7","Eq8_mstar13_published",19.6928514338751,20,0,57.1540231378541,0
10,"sorteo_09","NEW","Eq8_mstar14",19.644804819901,20,0,53.2317717562667,0
10,"sorteo_09","NEW","simulated",19.32339,20,0,53.2317717562667,0
10,"sorteo_09","classical","F",19.4644013422106,2,0,7.9867290800451,6
11,"sorteo_10","V7","Eq8_mstar13_published",19.6928514338751,20,0,39.4180723960032,0
11,"sorteo_10","NEW","Eq8_mstar14",19.644804819901,20,0,39.1167954674253,0
11,"sorteo_10","NEW","simulated",19.32339,20,0,39.1167954674253,0
11,"sorteo_10","classical","F",19.4644013422106,1,0,3.56260355049679,7
12,"sorteo_11","V7","Eq8_mstar13_published",19.6928514338751,20,0,31.8329568834323,0
12,"sorteo_11","NEW","Eq8_mstar14",19.644804819901,20,0,31.7358104684504,0
12,"sorteo_11","NEW","simulated",19.32339,20,0,31.7358104684504,0
12,"sorteo_11","classical","F",19.4644013422106,2,0,4.82230876159828,3
13,"sorteo_12","V7","Eq8_mstar13_published",19.6928514338751,20,0,47.7922182626474,0
13,"sorteo_12","NEW","Eq8_mstar14",19.644804819901,20,0,44.1604678639674,0
13,"sorteo_12","NEW","simulated",19.32339,20,0,44.1604678639674,0
13,"sorteo_12","classical","F",19.4644013422106,0,0,4.01948913899343,2
14,"sorteo_13","V7","Eq8_mstar13_published",19.6928514338751,20,0,49.025975676235,0
14,"sorteo_13","NEW","Eq8_mstar14",19.644804819901,20,0,47.8649015452526,0
14,"sorteo_13","NEW","simulated",19.32339,20,0,47.8649015452526,0
14,"sorteo_13","classical","F",19.4644013422106,1,0,7.45584788659187,4
15,"sorteo_14","V7","Eq8_mstar13_published",19.6928514338751,20,0,39.4180723960032,0
15,"sorteo_14","NEW","Eq8_mstar14",19.644804819901,20,0,39.1167954674253,0
15,"sorteo_14","NEW","simulated",19.32339,20,0,39.1167954674253,0
15,"sorteo_14","classical","F",19.4644013422106,1,0,5.53533773465016,4
16,"sorteo_15","V7","Eq8_mstar13_published",19.6928514338751,20,0,33.5548070889432,0
16,"sorteo_15","NEW","Eq8_mstar14",19.644804819901,20,0,33.1250573695983,0
16,"sorteo_15","NEW","simulated",19.32339,20,0,33.1250573695983,0
16,"sorteo_15","classical","F",19.4644013422106,0,0,4.41758776544105,4
17,"sorteo_16","V7","Eq8_mstar13_published",19.6928514338751,19,0,18.0665572513674,1
17,"sorteo_16","NEW","Eq8_mstar14",19.644804819901,19,0,17.0466715238945,1
17,"sorteo_16","NEW","simulated",19.32339,19,0,17.0466715238945,1
17,"sorteo_16","classical","F",19.4644013422106,0,0,1.49236778268818,4
18,"sorteo_17","V7","Eq8_mstar13_published",19.6928514338751,20,0,33.3314899119026,0
18,"sorteo_17","NEW","Eq8_mstar14",19.644804819901,20,0,31.0254684454112,0
18,"sorteo_17","NEW","simulated",19.32339,20,0,31.0254684454112,0
18,"sorteo_17","classical","F",19.4644013422106,0,0,3.30383799433037,3
19,"sorteo_18","V7","Eq8_mstar13_published",19.6928514338751,20,0,48.8255295161578,0
19,"sorteo_18","NEW","Eq8_mstar14",19.644804819901,20,0,45.398863734723,0
19,"sorteo_18","NEW","simulated",19.32339,20,0,45.398863734723,0
19,"sorteo_18","classical","F",19.4644013422106,1,0,5.77046469800661,1
20,"sorteo_19","V7","Eq8_mstar13_published",19.6928514338751,20,0,26.6114956282325,0
20,"sorteo_19","NEW","Eq8_mstar14",19.644804819901,20,0,24.3939117031698,0
20,"sorteo_19","NEW","simulated",19.32339,20,0,24.3939117031698,0
20,"sorteo_19","classical","F",19.4644013422106,2,0,2.61901360734915,6
