"id","versus","NEW","other","diff","SE_paired","z","verdict"
"P_d1.0_c6","a_classical",0.885185,0.27002,0.615165,0.0024,255.5,"NEW better"
"P_d1.0_c6","d_V7",0.885185,0.86287,0.022315,0.0017,13.1,"NEW better"
"P_d1.0_c6","f_MRCD",0.885185,0.859555,0.02563,0.0021,12.3,"NEW better"
"P_d1.0_c6","g_RMCD_pooled",0.885185,0.887055,-0.00187,0.0017,-1.1,"no difference"
"S2_cont30","a_classical",0.8598,0.07437,0.78543,0.0025,312.8,"NEW better"
"S2_cont30","d_V7",0.8598,0.81238,0.04742,0.0023,20.8,"NEW better"
"S2_cont30","f_MRCD",0.8598,0.85516,0.00464,0.0025,1.9,"no difference"
"S2_cont30","g_RMCD_pooled",0.8598,0.879825,-0.020025,0.0022,-9.1,"NEW worse"
"S2_cont40","a_classical",0.82752,0.018015,0.809505,0.0031,258.9,"NEW better"
"S2_cont40","d_V7",0.82752,0.751585,0.075935,0.0028,27.1,"NEW better"
"S2_cont40","f_MRCD",0.82752,0.85599,-0.02847,0.0029,-9.9,"NEW worse"
"S2_cont40","g_RMCD_pooled",0.82752,0.871105,-0.043585,0.0027,-16.2,"NEW worse"
"S2_h0.75","a_classical",0.866575,0.27002,0.596555,0.0025,238.4,"NEW better"
"S2_h0.75","d_V7",0.866575,0.81924,0.047335,0.002,23.1,"NEW better"
"S2_h0.75","f_MRCD",0.866575,0.873145,-0.00657,0.002,-3.3,"NEW worse"
"S2_h0.75","g_RMCD_pooled",0.866575,0.88724,-0.020665,0.0018,-11.4,"NEW worse"
"S2_J2","a_classical",0.891975,0.392885,0.49909,0.0026,194.7,"NEW better"
"S2_J2","d_V7",0.891975,0.888665,0.00331,0.0013,2.5,"no difference"
"S2_J2","f_MRCD",0.891975,0.863615,0.02836,0.0021,13.6,"NEW better"
"S2_J2","g_RMCD_pooled",0.891975,0.898395,-0.00642,0.0014,-4.6,"NEW worse"
"S2_J6","a_classical",0.801955,0.197125,0.60483,0.0032,190.7,"NEW better"
"S2_J6","d_V7",0.801955,0.733135,0.06882,0.0027,25.3,"NEW better"
"S2_J6","f_MRCD",0.801955,0.826365,-0.02441,0.003,-8.1,"NEW worse"
"S2_J6","g_RMCD_pooled",0.801955,0.852645,-0.05069,0.0028,-18.1,"NEW worse"
"S2_I15","a_classical",0.7095,0.13257,0.57693,0.003,190.1,"NEW better"
"S2_I15","d_V7",0.7095,0.658635,0.050865,0.0025,20,"NEW better"
"S2_I15","f_MRCD",0.7095,0.65434,0.05516,0.0033,16.8,"NEW better"
"S2_I15","g_RMCD_pooled",0.7095,0.702265,0.007235,0.0027,2.7,"no difference"
"S_rho0.3","a_classical",0.987855,0.420125,0.56773,0.0027,213.7,"NEW better"
"S_rho0.3","d_V7",0.987855,0.98671,0.001145,4e-04,3.1,"NEW better"
"S_rho0.3","f_MRCD",0.987855,0.98212,0.005735,5e-04,11.8,"NEW better"
"S_rho0.3","g_RMCD_pooled",0.987855,0.989895,-0.00204,4e-04,-5.8,"NEW worse"
"S_rho0.9","a_classical",0.69883,0.18633,0.5125,0.0032,160.9,"NEW better"
"S_rho0.9","d_V7",0.69883,0.656785,0.042045,0.0026,16.2,"NEW better"
"S_rho0.9","f_MRCD",0.69883,0.68772,0.01111,0.0033,3.4,"NEW better"
"S_rho0.9","g_RMCD_pooled",0.69883,0.689195,0.009635,0.0029,3.3,"NEW better"
