"group","K","method","batches","UCL_eq8_m13","UCL_empirical","factor_c","m_star_equivalent"
"clean_pooled",30,"V7",1000000,19.6929,18.9527,0.9624,NA
"clean_pooled",30,"NEW",1000000,19.6929,19.6288,0.9967,14.37
"clean_pooled",30,"MCDc_V7w",1000000,19.6929,19.6059,0.9956,14.94
"clean_pooled",30,"SM_std",1000000,19.6929,19.0961,0.9697,523.83
"contaminated_pooled",30,"V7",1000000,19.6929,18.8437,0.9569,NA
"contaminated_pooled",30,"NEW",1000000,19.6929,19.126,0.9712,164.96
"contaminated_pooled",30,"MCDc_V7w",1000000,19.6929,19.105,0.9701,317.98
"contaminated_pooled",30,"SM_std",1000000,19.6929,18.7236,0.9508,NA
"T1_K30_contam",30,"V7",200000,19.6929,18.7528,0.9523,NA
"T1_K30_contam",30,"NEW",200000,19.6929,19.187,0.9743,69.59
"T1_K30_contam",30,"MCDc_V7w",200000,19.6929,19.1656,0.9732,87.17
"T1_K30_contam",30,"SM_std",200000,19.6929,18.6832,0.9487,NA
"T2_K100_clean",100,"V7",200000,18.8274,17.861,0.9487,NA
"T2_K100_clean",100,"NEW",200000,18.8274,18.0185,0.957,NA
"T2_K100_clean",100,"MCDc_V7w",200000,18.8274,18.0103,0.9566,NA
"T2_K100_clean",100,"SM_std",200000,18.8274,17.8981,0.9506,NA
"T2_K200_clean",200,"V7",200000,18.6464,17.7045,0.9495,NA
"T2_K200_clean",200,"NEW",200000,18.6464,17.6893,0.9487,NA
"T2_K200_clean",200,"MCDc_V7w",200000,18.6464,17.6892,0.9487,NA
"T2_K200_clean",200,"SM_std",200000,18.6464,17.7048,0.9495,NA
"T2_K50_clean",50,"V7",200000,19.1941,18.0742,0.9417,NA
"T2_K50_clean",50,"NEW",200000,19.1941,18.4585,0.9617,NA
"T2_K50_clean",50,"MCDc_V7w",200000,19.1941,18.451,0.9613,NA
"T2_K50_clean",50,"SM_std",200000,19.1941,18.2637,0.9515,NA
"T2_K500_clean",500,"V7",200000,18.5385,17.5004,0.944,NA
"T2_K500_clean",500,"NEW",200000,18.5385,17.5437,0.9463,NA
"T2_K500_clean",500,"MCDc_V7w",200000,18.5385,17.5239,0.9453,NA
"T2_K500_clean",500,"SM_std",200000,18.5385,17.5289,0.9455,NA
