"id","ob","e_NEW","f_MRCD","g_RMCD_pooled","a_classical","NEW_minus_MRCD","NEW_minus_RMCD"
"P_d0.5_c0",0,0.1479,0.103,0.1168,0.118,0.0449,0.0311
"P_d0.5_c6",6,0.1221,0.1011,0.1087,0.0046,0.021,0.0134
"P_d1.0_c0",0,0.9152,0.8617,0.8975,0.901,0.0535,0.0177
"P_d1.0_c6",6,0.8852,0.8596,0.8871,0.27,0.0256,-0.0019
"P_d1.5_c0",0,0.9999,0.9997,1,1,2e-04,-1e-04
"P_d1.5_c6",6,0.9998,0.9997,0.9999,0.9611,1e-04,-1e-04
"P_d2.0_c0",0,1,1,1,1,0,0
"P_d2.0_c6",6,1,1,1,1,0,0
"D_D2_c0",0,0.8432,0.8598,0.8965,0.9003,-0.0166,-0.0533
"D_D2_c6",6,0.8501,0.8613,0.8963,0.9121,-0.0112,-0.0462
"D_D3_c0",0,0.8422,0.8596,0.8974,0.9,-0.0174,-0.0552
"D_D3_c6",6,0.8476,0.8621,0.8954,0.9104,-0.0145,-0.0478
"D_D4_c0",0,0.8483,0.8605,0.8981,0.9012,-0.0122,-0.0498
"D_D4_c6",6,0.8483,0.8628,0.8966,0.8851,-0.0145,-0.0483
"D_mD1_c0",0,0.9142,0.8599,0.8935,0.8971,0.0543,0.0207
"D_mD1_c6",6,0.9147,0.8632,0.8947,0.8169,0.0515,0.02
"D_mD4_c0",0,0.8424,0.8582,0.8941,0.8979,-0.0158,-0.0517
"D_mD4_c6",6,0.8525,0.8611,0.8937,0.9191,-0.0086,-0.0412
"S_base",6,0.8805,0.8568,0.8861,0.2657,0.0237,-0.0056
"S_h0.75",6,0.8657,0.8701,0.8866,0.2657,-0.0044,-0.0209
"S_J2",6,0.8935,0.8609,0.9003,0.3982,0.0326,-0.0068
"S_J6",6,0.7984,0.8221,0.8494,0.1952,-0.0237,-0.051
"S_I15",6,0.7006,0.6535,0.7006,0.1303,0.0471,0
"S_cont30",9,0.8598,0.8564,0.8801,0.0761,0.0034,-0.0203
"S_cont40",12,0.8341,0.8566,0.873,0.0178,-0.0225,-0.0389
"S_rho0.3",6,0.9879,0.9821,0.9899,0.4201,0.0058,-0.002
"S_rho0.9",6,0.6988,0.6877,0.6892,0.1863,0.0111,0.0096
