"step","chart","limit","UCL","det","fa","T2_med_sano","T2_min_fallo"
10,"classical","F",19.46,19,0,3,14.7
10,"classical","simulated",19.23,19,0,3,14.7
10,"V7","Eq8_mstar13_published",19.69,20,5,19.6,189
10,"NEW","Eq8_mstar14",19.64,20,0,3.9,254.7
10,"NEW","simulated",19.29,20,0,3.9,254.7
10,"MRCD","simulated",21.35,20,0,3.5,200.8
10,"RMCD_pooled","simulated",20.05,20,0,4.7,311.1
20,"classical","F",19.46,7,0,1.9,6.2
20,"classical","simulated",19.23,7,0,1.9,6.2
20,"V7","Eq8_mstar13_published",19.69,20,0,4.2,86.6
20,"NEW","Eq8_mstar14",19.64,20,0,4.2,75.6
20,"NEW","simulated",19.29,20,0,4.2,75.6
20,"MRCD","simulated",21.3,20,0,3,52.2
20,"RMCD_pooled","simulated",19.68,20,0,3.8,87.8
30,"classical","F",19.46,2,0,1.9,6.5
30,"classical","simulated",19.23,2,0,1.9,6.5
30,"V7","Eq8_mstar13_published",19.69,20,0,2.6,43.3
30,"NEW","Eq8_mstar14",19.64,20,0,3.1,41.9
30,"NEW","simulated",19.32,20,0,3.1,41.9
30,"MRCD","simulated",21.36,20,0,2.1,23
30,"RMCD_pooled","simulated",19.68,20,0,3.1,46.9
