"dir","ob","a_classical","d_V7","e_NEW","f_MRCD","g_RMCD_pooled"
"D1",0,0.901,0.9269,0.9152,0.8617,0.8975
"D1",6,0.27,0.8629,0.8852,0.8596,0.8871
"D2",0,0.9003,0.8599,0.8432,0.8598,0.8965
"D2",6,0.9121,0.8584,0.8501,0.8613,0.8963
"D3",0,0.9,0.8575,0.8422,0.8596,0.8974
"D3",6,0.9104,0.8566,0.8476,0.8621,0.8954
"D4",0,0.9012,0.8642,0.8483,0.8605,0.8981
"D4",6,0.8851,0.8493,0.8483,0.8628,0.8966
"mD1",0,0.8971,0.9254,0.9142,0.8599,0.8935
"mD1",6,0.8169,0.9415,0.9147,0.8632,0.8947
"mD4",0,0.8979,0.8607,0.8424,0.8582,0.8941
"mD4",6,0.9191,0.8713,0.8525,0.8611,0.8937
