"scen","limit","UCL_mean","false_alarms","batches","ARL0","CI95_low","CI95_high"
"K100_clean","simulated (B = 500)",NA,1114,1e+06,898,846,953
"K100_clean","Eq. (8), m* = 13",18.8273963500816,722,1e+06,1385,1288,1492
"K100_clean","Eq. (8), m* = 14",18.8137725513913,726,1e+06,1377,1281,1483
"K30_clean","simulated (B = 500)",NA,981,1e+06,1019,958,1086
"K30_clean","Eq. (8), m* = 13",19.6928514338751,973,1e+06,1028,965,1096
"K30_clean","Eq. (8), m* = 14",19.644804819901,989,1e+06,1011,950,1077
"K30_contam","simulated (B = 500)",NA,774,1e+06,1292,1204,1388
"K30_contam","Eq. (8), m* = 13",19.6928514338751,774,1e+06,1292,1204,1388
"K30_contam","Eq. (8), m* = 14",19.644804819901,791,1e+06,1264,1179,1357
