"cell","table","K","seed_base","phase1","method","m_star","UCL","false_alarms","batches","FAR","SE_FAR","ARL0","CI95_low","CI95_high"
"T1_K30_contam","T1",30,2026,"contaminated","V7",13,19.6929,125,200000,0.000625,5.55088111389267e-05,1600,1343,1922
"T1_K30_contam","T1",30,2026,"contaminated","V7",14,19.6448,128,200000,0.00064,5.60961084808327e-05,1562,1314,1873
"T1_K30_contam","T1",30,2026,"contaminated","SM_std",13,19.6929,125,200000,0.000625,5.68445525233139e-05,1600,1343,1922
"T1_K30_contam","T1",30,2026,"contaminated","SM_std",14,19.6448,127,200000,0.000635,5.72278342461625e-05,1575,1324,1889
"T1_K30_contam","T1",30,2026,"contaminated","MCDc_V7w",13,19.6929,163,200000,0.000815,6.59170693372741e-05,1227,1052,1440
"T1_K30_contam","T1",30,2026,"contaminated","MCDc_V7w",14,19.6448,167,200000,0.000835,6.80345636491149e-05,1198,1029,1402
"T1_K30_contam","T1",30,2026,"contaminated","NEW",13,19.6929,163,200000,0.000815,6.70457684536002e-05,1227,1052,1440
"T1_K30_contam","T1",30,2026,"contaminated","NEW",14,19.6448,164,200000,0.00082,6.75727980885856e-05,1220,1047,1430
"T1_K30_contam","T1",30,2026,"contaminated","CLASSICAL",NA,19.4644,146,200000,0.00073,6.35261189109798e-05,1370,1165,1622
"T2_K100_clean","T2",100,2026,"clean","V7",13,18.8274,133,200000,0.000665,5.83574356457476e-05,1504,1269,1796
"T2_K100_clean","T2",100,2026,"clean","V7",14,18.8138,135,200000,0.000675,5.8727437846189e-05,1481,1252,1767
"T2_K100_clean","T2",100,2026,"clean","SM_std",13,18.8274,138,200000,0.00069,5.96970004768495e-05,1449,1227,1725
"T2_K100_clean","T2",100,2026,"clean","SM_std",14,18.8138,138,200000,0.00069,5.96970004768495e-05,1449,1227,1725
"T2_K100_clean","T2",100,2026,"clean","MCDc_V7w",13,18.8274,132,200000,0.00066,5.77396478467503e-05,1515,1278,1811
"T2_K100_clean","T2",100,2026,"clean","MCDc_V7w",14,18.8138,132,200000,0.00066,5.77396478467503e-05,1515,1278,1811
"T2_K100_clean","T2",100,2026,"clean","NEW",13,18.8274,131,200000,0.000655,5.7551225632352e-05,1527,1287,1826
"T2_K100_clean","T2",100,2026,"clean","NEW",14,18.8138,132,200000,0.00066,5.77396478467503e-05,1515,1278,1811
"T2_K100_clean","T2",100,2026,"clean","CLASSICAL",NA,18.7623,194,200000,0.00097,7.05835747218165e-05,1031,896,1193
"T2_K200_clean","T2",200,2026,"clean","V7",13,18.6464,115,200000,0.000575,5.34894200663039e-05,1739,1449,2106
"T2_K200_clean","T2",200,2026,"clean","V7",14,18.6396,115,200000,0.000575,5.34894200663039e-05,1739,1449,2106
"T2_K200_clean","T2",200,2026,"clean","SM_std",13,18.6464,122,200000,0.00061,5.5366801798286e-05,1639,1373,1974
"T2_K200_clean","T2",200,2026,"clean","SM_std",14,18.6396,122,200000,0.00061,5.5366801798286e-05,1639,1373,1974
"T2_K200_clean","T2",200,2026,"clean","MCDc_V7w",13,18.6464,118,200000,0.00059,5.45659116973196e-05,1695,1415,2048
"T2_K200_clean","T2",200,2026,"clean","MCDc_V7w",14,18.6396,119,200000,0.000595,5.47675747465762e-05,1681,1404,2029
"T2_K200_clean","T2",200,2026,"clean","NEW",13,18.6464,120,200000,6e-04,5.49682704419349e-05,1667,1394,2010
"T2_K200_clean","T2",200,2026,"clean","NEW",14,18.6396,120,200000,6e-04,5.49682704419349e-05,1667,1394,2010
"T2_K200_clean","T2",200,2026,"clean","CLASSICAL",NA,18.6142,199,200000,0.000995,7.16418437569026e-05,1005,875,1161
"T2_K50_clean","T2",50,2026,"clean","V7",13,19.1941,111,200000,0.000555,5.49772566555907e-05,1802,1496,2190
"T2_K50_clean","T2",50,2026,"clean","V7",14,19.1662,111,200000,0.000555,5.49772566555907e-05,1802,1496,2190
"T2_K50_clean","T2",50,2026,"clean","SM_std",13,19.1941,111,200000,0.000555,5.49772566555907e-05,1802,1496,2190
"T2_K50_clean","T2",50,2026,"clean","SM_std",14,19.1662,114,200000,0.00057,5.55796234898514e-05,1754,1460,2127
"T2_K50_clean","T2",50,2026,"clean","MCDc_V7w",13,19.1941,124,200000,0.00062,5.75278604448634e-05,1613,1353,1939
"T2_K50_clean","T2",50,2026,"clean","MCDc_V7w",14,19.1662,127,200000,0.000635,5.8095396009656e-05,1575,1324,1889
"T2_K50_clean","T2",50,2026,"clean","NEW",13,19.1941,124,200000,0.00062,5.75278604448634e-05,1613,1353,1939
"T2_K50_clean","T2",50,2026,"clean","NEW",14,19.1662,128,200000,0.00064,5.87105055482481e-05,1562,1314,1873
"T2_K50_clean","T2",50,2026,"clean","CLASSICAL",NA,19.061,183,200000,0.000915,6.8983816097993e-05,1093,946,1270
"T2_K500_clean","T2",500,2026,"clean","V7",13,18.5385,123,200000,0.000615,5.64577828170777e-05,1626,1363,1956
"T2_K500_clean","T2",500,2026,"clean","V7",14,18.5358,125,200000,0.000625,5.68445525233139e-05,1600,1343,1922
"T2_K500_clean","T2",500,2026,"clean","SM_std",13,18.5385,124,200000,0.00062,5.66516081179623e-05,1613,1353,1939
"T2_K500_clean","T2",500,2026,"clean","SM_std",14,18.5358,125,200000,0.000625,5.68445525233139e-05,1600,1343,1922
"T2_K500_clean","T2",500,2026,"clean","MCDc_V7w",13,18.5385,122,200000,0.00061,5.67058883969685e-05,1639,1373,1974
"T2_K500_clean","T2",500,2026,"clean","MCDc_V7w",14,18.5358,122,200000,0.00061,5.67058883969685e-05,1639,1373,1974
"T2_K500_clean","T2",500,2026,"clean","NEW",13,18.5385,123,200000,0.000615,5.68990883330002e-05,1626,1363,1956
"T2_K500_clean","T2",500,2026,"clean","NEW",14,18.5358,123,200000,0.000615,5.68990883330002e-05,1626,1363,1956
"T2_K500_clean","T2",500,2026,"clean","CLASSICAL",NA,18.5257,189,200000,0.000945,7.09295636635441e-05,1058,918,1227
"T3_b20000_clean","T3",30,20000,"clean","V7",13,19.6929,160,200000,8e-04,6.31030189095399e-05,1250,1071,1469
"T3_b20000_clean","T3",30,20000,"clean","V7",14,19.6448,161,200000,0.000805,6.32691788669432e-05,1242,1065,1459
"T3_b20000_clean","T3",30,20000,"clean","SM_std",13,19.6929,165,200000,0.000825,6.31401682007596e-05,1212,1041,1421
"T3_b20000_clean","T3",30,20000,"clean","SM_std",14,19.6448,167,200000,0.000835,6.38625611243135e-05,1198,1029,1402
"T3_b20000_clean","T3",30,20000,"clean","MCDc_V7w",13,19.6929,205,200000,0.001025,7.28171591682528e-05,976,851,1124
"T3_b20000_clean","T3",30,20000,"clean","MCDc_V7w",14,19.6448,208,200000,0.00104,7.35656574291054e-05,962,839,1107
"T3_b20000_clean","T3",30,20000,"clean","NEW",13,19.6929,210,200000,0.00105,7.41721022378036e-05,952,832,1096
"T3_b20000_clean","T3",30,20000,"clean","NEW",14,19.6448,211,200000,0.001055,7.43051016018552e-05,948,828,1090
"T3_b20000_clean","T3",30,20000,"clean","CLASSICAL",NA,19.4644,223,200000,0.001115,7.35261215165919e-05,897,787,1027
"T3_b20000_contam","T3",30,20000,"contaminated","V7",13,19.6929,145,200000,0.000725,6.37512322218552e-05,1379,1172,1635
"T3_b20000_contam","T3",30,20000,"contaminated","V7",14,19.6448,150,200000,0.00075,6.45820053707599e-05,1333,1136,1575
"T3_b20000_contam","T3",30,20000,"contaminated","SM_std",13,19.6929,135,200000,0.000675,5.95731649401851e-05,1481,1252,1767
"T3_b20000_contam","T3",30,20000,"contaminated","SM_std",14,19.6448,136,200000,0.00068,5.97543746737117e-05,1471,1243,1753
"T3_b20000_contam","T3",30,20000,"contaminated","MCDc_V7w",13,19.6929,158,200000,0.00079,6.47305571002695e-05,1266,1083,1489
"T3_b20000_contam","T3",30,20000,"contaminated","MCDc_V7w",14,19.6448,160,200000,8e-04,6.50547158784743e-05,1250,1071,1469
"T3_b20000_contam","T3",30,20000,"contaminated","NEW",13,19.6929,157,200000,0.000785,6.45675768942354e-05,1274,1090,1499
"T3_b20000_contam","T3",30,20000,"contaminated","NEW",14,19.6448,160,200000,8e-04,6.50547158784743e-05,1250,1071,1469
"T3_b20000_contam","T3",30,20000,"contaminated","CLASSICAL",NA,19.4644,161,200000,0.000805,6.48312350994662e-05,1242,1065,1459
"T3_b2026_clean","T3",30,2026,"clean","V7",13,19.6929,125,200000,0.000625,5.85781802517012e-05,1600,1343,1922
"T3_b2026_clean","T3",30,2026,"clean","V7",14,19.6448,128,200000,0.00064,5.9135002107357e-05,1562,1314,1873
"T3_b2026_clean","T3",30,2026,"clean","SM_std",13,19.6929,142,200000,0.00071,6.28484284806012e-05,1408,1195,1672
"T3_b2026_clean","T3",30,2026,"clean","SM_std",14,19.6448,143,200000,0.000715,6.30188319995959e-05,1399,1187,1659
"T3_b2026_clean","T3",30,2026,"clean","MCDc_V7w",13,19.6929,172,200000,0.00086,6.84290966668077e-05,1163,1001,1358
"T3_b2026_clean","T3",30,2026,"clean","MCDc_V7w",14,19.6448,182,200000,0.00091,7.02738871103969e-05,1099,950,1278
"T3_b2026_clean","T3",30,2026,"clean","NEW",13,19.6929,178,200000,0.00089,6.89661378074925e-05,1124,970,1309
"T3_b2026_clean","T3",30,2026,"clean","NEW",14,19.6448,181,200000,0.000905,6.97704913321553e-05,1105,955,1285
"T3_b2026_clean","T3",30,2026,"clean","CLASSICAL",NA,19.4644,182,200000,0.00091,6.81048392889028e-05,1099,950,1278
"T3_b2026_contam","T3",30,2026,"contaminated","V7",13,19.6929,140,200000,7e-04,6.00566682534159e-05,1429,1211,1698
"T3_b2026_contam","T3",30,2026,"contaminated","V7",14,19.6448,143,200000,0.000715,6.05906190062107e-05,1399,1187,1659
"T3_b2026_contam","T3",30,2026,"contaminated","SM_std",13,19.6929,122,200000,0.00061,5.62630675166507e-05,1639,1373,1974
"T3_b2026_contam","T3",30,2026,"contaminated","SM_std",14,19.6448,124,200000,0.00062,5.66516081179623e-05,1613,1353,1939
"T3_b2026_contam","T3",30,2026,"contaminated","MCDc_V7w",13,19.6929,151,200000,0.000755,6.39690043439663e-05,1325,1129,1564
"T3_b2026_contam","T3",30,2026,"contaminated","MCDc_V7w",14,19.6448,154,200000,0.00077,6.44641591421695e-05,1299,1109,1531
"T3_b2026_contam","T3",30,2026,"contaminated","NEW",13,19.6929,154,200000,0.00077,6.40749779664472e-05,1299,1109,1531
"T3_b2026_contam","T3",30,2026,"contaminated","NEW",14,19.6448,155,200000,0.000775,6.46279806890481e-05,1290,1102,1520
"T3_b2026_contam","T3",30,2026,"contaminated","CLASSICAL",NA,19.4644,142,200000,0.00071,6.08259804684641e-05,1408,1195,1672
"T3_b40000_clean","T3",30,40000,"clean","V7",13,19.6929,145,200000,0.000725,6.01165076933834e-05,1379,1172,1635
"T3_b40000_clean","T3",30,40000,"clean","V7",14,19.6448,148,200000,0.00074,6.06468384955865e-05,1351,1150,1599
"T3_b40000_clean","T3",30,40000,"clean","SM_std",13,19.6929,156,200000,0.00078,6.2030023874983e-05,1282,1096,1510
"T3_b40000_clean","T3",30,40000,"clean","SM_std",14,19.6448,160,200000,8e-04,6.2705390382259e-05,1250,1071,1469
"T3_b40000_clean","T3",30,40000,"clean","MCDc_V7w",13,19.6929,192,200000,0.00096,6.99403018503027e-05,1042,904,1206
"T3_b40000_clean","T3",30,40000,"clean","MCDc_V7w",14,19.6448,196,200000,0.00098,7.12203353550378e-05,1020,887,1180
"T3_b40000_clean","T3",30,40000,"clean","NEW",13,19.6929,193,200000,0.000965,7.04405311892032e-05,1036,900,1200
"T3_b40000_clean","T3",30,40000,"clean","NEW",14,19.6448,200,200000,0.001,7.24750047475444e-05,1000,871,1154
"T3_b40000_clean","T3",30,40000,"clean","CLASSICAL",NA,19.4644,206,200000,0.00103,7.22645215893683e-05,971,847,1118
"T3_b40000_contam","T3",30,40000,"contaminated","V7",13,19.6929,142,200000,0.00071,5.87339325894215e-05,1408,1195,1672
"T3_b40000_contam","T3",30,40000,"contaminated","V7",14,19.6448,149,200000,0.000745,5.99940592356592e-05,1342,1143,1587
"T3_b40000_contam","T3",30,40000,"contaminated","SM_std",13,19.6929,137,200000,0.000685,5.82415963188758e-05,1460,1235,1739
"T3_b40000_contam","T3",30,40000,"contaminated","SM_std",14,19.6448,139,200000,0.000695,5.90358375485394e-05,1439,1219,1712
"T3_b40000_contam","T3",30,40000,"contaminated","MCDc_V7w",13,19.6929,157,200000,0.000785,6.21998545895043e-05,1274,1090,1499
"T3_b40000_contam","T3",30,40000,"contaminated","MCDc_V7w",14,19.6448,161,200000,0.000805,6.28726012026781e-05,1242,1065,1459
"T3_b40000_contam","T3",30,40000,"contaminated","NEW",13,19.6929,158,200000,0.00079,6.23690223386076e-05,1266,1083,1489
"T3_b40000_contam","T3",30,40000,"contaminated","NEW",14,19.6448,162,200000,0.00081,6.30391701125914e-05,1235,1058,1449
"T3_b40000_contam","T3",30,40000,"contaminated","CLASSICAL",NA,19.4644,144,200000,0.00072,5.95195034055462e-05,1389,1180,1647
"T3_b60000_clean","T3",30,60000,"clean","V7",13,19.6929,145,200000,0.000725,6.21620427574568e-05,1379,1172,1635
"T3_b60000_clean","T3",30,60000,"clean","V7",14,19.6448,147,200000,0.000735,6.25047271849116e-05,1361,1158,1610
"T3_b60000_clean","T3",30,60000,"clean","SM_std",13,19.6929,165,200000,0.000825,6.66101039856303e-05,1212,1041,1421
"T3_b60000_clean","T3",30,60000,"clean","SM_std",14,19.6448,169,200000,0.000845,6.72327868216981e-05,1183,1018,1384
"T3_b60000_clean","T3",30,60000,"clean","MCDc_V7w",13,19.6929,213,200000,0.001065,7.72066573163674e-05,939,821,1079
"T3_b60000_clean","T3",30,60000,"clean","MCDc_V7w",14,19.6448,218,200000,0.00109,7.81601209201414e-05,917,803,1053
"T3_b60000_clean","T3",30,60000,"clean","NEW",13,19.6929,210,200000,0.00105,7.68225282741021e-05,952,832,1096
"T3_b60000_clean","T3",30,60000,"clean","NEW",14,19.6448,218,200000,0.00109,7.81601209201414e-05,917,803,1053
"T3_b60000_clean","T3",30,60000,"clean","CLASSICAL",NA,19.4644,176,200000,0.00088,6.75653945542438e-05,1136,980,1325
"T3_b60000_contam","T3",30,60000,"contaminated","V7",13,19.6929,131,200000,0.000655,5.79842097841485e-05,1527,1287,1826
"T3_b60000_contam","T3",30,60000,"contaminated","V7",14,19.6448,133,200000,0.000665,5.83574356457476e-05,1504,1269,1796
"T3_b60000_contam","T3",30,60000,"contaminated","SM_std",13,19.6929,125,200000,0.000625,5.64028203113066e-05,1600,1343,1922
"T3_b60000_contam","T3",30,60000,"contaminated","SM_std",14,19.6448,126,200000,0.00063,5.6596391897257e-05,1587,1333,1905
"T3_b60000_contam","T3",30,60000,"contaminated","MCDc_V7w",13,19.6929,163,200000,0.000815,6.51537412970468e-05,1227,1052,1440
"T3_b60000_contam","T3",30,60000,"contaminated","MCDc_V7w",14,19.6448,163,200000,0.000815,6.51537412970468e-05,1227,1052,1440
"T3_b60000_contam","T3",30,60000,"contaminated","NEW",13,19.6929,163,200000,0.000815,6.51537412970468e-05,1227,1052,1440
"T3_b60000_contam","T3",30,60000,"contaminated","NEW",14,19.6448,163,200000,0.000815,6.51537412970468e-05,1227,1052,1440
"T3_b60000_contam","T3",30,60000,"contaminated","CLASSICAL",NA,19.4644,151,200000,0.000755,6.15782708568604e-05,1325,1129,1564
"T3_b80000_clean","T3",30,80000,"clean","V7",13,19.6929,154,200000,0.00077,6.16883516262445e-05,1299,1109,1531
"T3_b80000_clean","T3",30,80000,"clean","V7",14,19.6448,156,200000,0.00078,6.24319539533821e-05,1282,1096,1510
"T3_b80000_clean","T3",30,80000,"clean","SM_std",13,19.6929,164,200000,0.00082,6.37638841073709e-05,1220,1047,1430
"T3_b80000_clean","T3",30,80000,"clean","SM_std",14,19.6448,169,200000,0.000845,6.45760988003157e-05,1183,1018,1384
"T3_b80000_clean","T3",30,80000,"clean","MCDc_V7w",13,19.6929,182,200000,0.00091,6.91978624820597e-05,1099,950,1278
"T3_b80000_clean","T3",30,80000,"clean","MCDc_V7w",14,19.6448,183,200000,0.000915,6.93454533184979e-05,1093,946,1270
"T3_b80000_clean","T3",30,80000,"clean","NEW",13,19.6929,183,200000,0.000915,6.93454533184979e-05,1093,946,1270
"T3_b80000_clean","T3",30,80000,"clean","NEW",14,19.6448,185,200000,0.000925,6.96391578506883e-05,1081,936,1255
"T3_b80000_clean","T3",30,80000,"clean","CLASSICAL",NA,19.4644,194,200000,0.00097,6.87889232215405e-05,1031,896,1193
"T3_b80000_contam","T3",30,80000,"contaminated","V7",13,19.6929,148,200000,0.00074,6.26750674673831e-05,1351,1150,1599
"T3_b80000_contam","T3",30,80000,"contaminated","V7",14,19.6448,149,200000,0.000745,6.28447470447257e-05,1342,1143,1587
"T3_b80000_contam","T3",30,80000,"contaminated","SM_std",13,19.6929,135,200000,0.000675,5.99915576852006e-05,1481,1252,1767
"T3_b80000_contam","T3",30,80000,"contaminated","SM_std",14,19.6448,139,200000,0.000695,6.11175521236641e-05,1439,1219,1712
"T3_b80000_contam","T3",30,80000,"contaminated","MCDc_V7w",13,19.6929,159,200000,0.000795,6.56592953932325e-05,1258,1077,1479
"T3_b80000_contam","T3",30,80000,"contaminated","MCDc_V7w",14,19.6448,162,200000,0.00081,6.61372593061904e-05,1235,1058,1449
"T3_b80000_contam","T3",30,80000,"contaminated","NEW",13,19.6929,163,200000,0.000815,6.59170693372741e-05,1227,1052,1440
"T3_b80000_contam","T3",30,80000,"contaminated","NEW",14,19.6448,164,200000,0.00082,6.64530511263554e-05,1220,1047,1430
"T3_b80000_contam","T3",30,80000,"contaminated","CLASSICAL",NA,19.4644,156,200000,0.00078,6.0395561193733e-05,1282,1096,1510
