"phase1","batch","contaminated","in_raw_subset","reweight_weight"
"IDV 7","F1_sano_01",FALSE,TRUE,1
"IDV 7","F1_sano_02",FALSE,TRUE,1
"IDV 7","F1_sano_03",FALSE,TRUE,1
"IDV 7","F1_sano_04",FALSE,FALSE,1
"IDV 7","F1_sano_05",FALSE,FALSE,1
"IDV 7","F1_sano_06",FALSE,TRUE,1
"IDV 7","F1_sano_07",FALSE,FALSE,0
"IDV 7","F1_sano_08",FALSE,TRUE,1
"IDV 7","F1_sano_09",FALSE,FALSE,1
"IDV 7","F1_sano_10",FALSE,FALSE,0
"IDV 7","F1_sano_11",FALSE,FALSE,1
"IDV 7","F1_sano_12",FALSE,FALSE,0
"IDV 7","F1_sano_13",FALSE,TRUE,1
"IDV 7","F1_sano_14",FALSE,TRUE,1
"IDV 7","F1_sano_15",FALSE,TRUE,1
"IDV 7","F1_sano_16",FALSE,TRUE,1
"IDV 7","F1_sano_17",FALSE,TRUE,1
"IDV 7","F1_sano_18",FALSE,TRUE,1
"IDV 7","F1_sano_19",FALSE,FALSE,1
"IDV 7","F1_sano_20",FALSE,FALSE,1
"IDV 7","F1_sano_21",FALSE,FALSE,0
"IDV 7","F1_sano_22",FALSE,TRUE,1
"IDV 7","F1_sano_23",FALSE,FALSE,0
"IDV 7","F1_sano_24",FALSE,TRUE,1
"IDV 7","F1_fallo_01",TRUE,TRUE,1
"IDV 7","F1_fallo_02",TRUE,TRUE,1
"IDV 7","F1_fallo_03",TRUE,TRUE,1
"IDV 7","F1_fallo_04",TRUE,FALSE,1
"IDV 7","F1_fallo_05",TRUE,FALSE,0
"IDV 7","F1_fallo_06",TRUE,TRUE,1
"IDV 1","F1_sano_01",FALSE,TRUE,1
"IDV 1","F1_sano_02",FALSE,TRUE,1
"IDV 1","F1_sano_03",FALSE,TRUE,1
"IDV 1","F1_sano_04",FALSE,TRUE,1
"IDV 1","F1_sano_05",FALSE,TRUE,1
"IDV 1","F1_sano_06",FALSE,TRUE,1
"IDV 1","F1_sano_07",FALSE,FALSE,0
"IDV 1","F1_sano_08",FALSE,TRUE,1
"IDV 1","F1_sano_09",FALSE,TRUE,1
"IDV 1","F1_sano_10",FALSE,FALSE,1
"IDV 1","F1_sano_11",FALSE,TRUE,1
"IDV 1","F1_sano_12",FALSE,FALSE,1
"IDV 1","F1_sano_13",FALSE,TRUE,1
"IDV 1","F1_sano_14",FALSE,FALSE,1
"IDV 1","F1_sano_15",FALSE,TRUE,1
"IDV 1","F1_sano_16",FALSE,TRUE,1
"IDV 1","F1_sano_17",FALSE,TRUE,1
"IDV 1","F1_sano_18",FALSE,FALSE,1
"IDV 1","F1_sano_19",FALSE,TRUE,1
"IDV 1","F1_sano_20",FALSE,TRUE,1
"IDV 1","F1_sano_21",FALSE,FALSE,1
"IDV 1","F1_sano_22",FALSE,TRUE,1
"IDV 1","F1_sano_23",FALSE,FALSE,0
"IDV 1","F1_sano_24",FALSE,TRUE,1
"IDV 1","F1_fallo_01",TRUE,FALSE,0
"IDV 1","F1_fallo_02",TRUE,FALSE,0
"IDV 1","F1_fallo_03",TRUE,FALSE,0
"IDV 1","F1_fallo_04",TRUE,FALSE,0
"IDV 1","F1_fallo_05",TRUE,FALSE,0
"IDV 1","F1_fallo_06",TRUE,FALSE,0
