"phase1","chart","limit","UCL"
"IDV 7, step 30","classical","F",19.4644
"IDV 7, step 30","classical","simulated",19.23381
"IDV 7, step 30","V7","Eq8_mstar13_published",19.69285
"IDV 7, step 30","NEW","Eq8_mstar14",19.6448
"IDV 7, step 30","NEW","simulated",19.32339
"IDV 7, step 30","MRCD","simulated",21.36238
"IDV 7, step 30","RMCD_pooled","simulated",19.67743
"IDV 7, step 10","classical","F",19.4644
"IDV 7, step 10","classical","simulated",19.23381
"IDV 7, step 10","V7","Eq8_mstar13_published",19.69285
"IDV 7, step 10","NEW","Eq8_mstar14",19.6448
"IDV 7, step 10","NEW","simulated",19.28517
"IDV 7, step 10","MRCD","simulated",21.35017
"IDV 7, step 10","RMCD_pooled","simulated",20.04641
"IDV 7, step 20","classical","F",19.4644
"IDV 7, step 20","classical","simulated",19.23381
"IDV 7, step 20","V7","Eq8_mstar13_published",19.69285
"IDV 7, step 20","NEW","Eq8_mstar14",19.6448
"IDV 7, step 20","NEW","simulated",19.29245
"IDV 7, step 20","MRCD","simulated",21.30206
"IDV 7, step 20","RMCD_pooled","simulated",19.67743
"IDV 1, step 30","classical","F",19.4644
"IDV 1, step 30","classical","simulated",19.23381
"IDV 1, step 30","V7","Eq8_mstar13_published",19.69285
"IDV 1, step 30","NEW","Eq8_mstar14",19.6448
"IDV 1, step 30","NEW","simulated",19.33651
"IDV 1, step 30","MRCD","simulated",21.41857
"IDV 1, step 30","RMCD_pooled","simulated",19.67743
